,Display,EMI,Name,Price,Ram,Special Price,Warrenty
0,15.6 inch Display,,Acer Aspire 3 Pentium Quad Core - (4 GB/500 GB HDD/Windows 10) A315-31 Notebook,"₹21,990",4 GB DDR3 RAM,,1 Year International Travelers Warranty (ITW)
1,14 inch Display,,Dell Inspiron Core i3 6th Gen - (4 GB/1 TB HDD/Linux) 3467 Laptop,"₹25,990",4 GB DDR4 RAM,,1 Year Onsite Warranty
2,15.6 inch Display,,Acer Aspire 3 Pentium Quad Core - (4 GB/500 GB HDD/Linux) A315-31 Laptop,"₹18,990",4 GB DDR3 RAM,,1 Year International Travelers Warranty (ITW)
3,15.6 inch Display,,Dell Vostro 3000 Core i5 7th Gen - (8 GB/1 TB HDD/Ubuntu/2 GB Graphics) 3568 Laptop,"₹40,990",8 GB DDR4 RAM,,1 Year Onsite Warranty
4,15.6 inch Display,,HP 15 Core i5 8th Gen - (8 GB/1 TB HDD/DOS) 15-BS145TU Laptop,"₹38,990",8 GB DDR4 RAM,,1 Year Onsite Warranty
5,15.6 inch Display,,HP 15 APU Dual Core E2 - (4 GB/500 GB HDD/DOS) 15Q-BY001AU Laptop,"₹17,990",4 GB DDR4 RAM,,1 Year Onsite Warranty
6,15.6 inch Display,,Lenovo Ideapad Core i5 7th Gen - (8 GB/1 TB HDD/Windows 10 Home/2 GB Graphics) IP 320 Laptop,"₹44,990",8 GB DDR4 RAM,,1 Year Onsite Warranty
7,15.6 inch Display,,HP 15 Pentium Quad Core - (4 GB/1 TB HDD/DOS) 15Q-BU009TU Laptop,"₹21,990",4 GB DDR3 RAM,,1 Year Onsite Warranty
8,14 inch Display,,Dell Inspiron 14 3000 Core i3 6th Gen - (4 GB/1 TB HDD/Windows 10 Home) 3467 Laptop,"₹29,990",4 GB DDR4 RAM,,1 Year Onsite Warranty
9,15.6 inch Display,,Lenovo Ideapad 520 Core i7 7th Gen - (8 GB/2 TB HDD/Windows 10 Home/4 GB Graphics) IP 520 Laptop,"₹60,990",8 GB DDR4 RAM,,1 Year Onsite Warranty
10,13.3 inch Display,,Apple MacBook Air Core i5 5th Gen - (8 GB/128 GB SSD/Mac OS Sierra) MQD32HN/A A1466,"₹57,990",8 GB DDR3 RAM,,1 Year Warranty
11,15.6 inch Display,,Lenovo Core i5 7th Gen - (8 GB/1 TB HDD/DOS/2 GB Graphics) IP 320E Laptop,"₹40,990",8 GB DDR4 RAM,,1 Year Onsite Warranty
12,15.6 inch Display,,Lenovo Ideapad Core i3 6th Gen - (4 GB/1 TB HDD/DOS) IP 320E Laptop,"₹25,990",4 GB DDR4 RAM,,1 Year Onsite Warranty
13,15.6 inch Display,,HP 15 Core i3 6th Gen - (4 GB/1 TB HDD/Windows 10 Home) 15Q-bu013TU Laptop,"₹29,990",4 GB DDR4 RAM,,1 Year Onsite Warranty
14,15.6 inch Display,,Lenovo Core i3 6th Gen - (4 GB/1 TB HDD/Windows 10 Home) IP 320E Laptop,"₹29,990",4 GB DDR4 RAM,,1 Year Onsite Warranty
15,15.6 inch Display,,HP 15 Core i3 6th Gen - (8 GB/1 TB HDD/DOS) 15Q-BU006TU Laptop,"₹30,990",8 GB DDR4 RAM,,1 Year Onsite Warranty
16,15.6 inch Display,,Acer Aspire 3 Celeron Dual Core - (2 GB/500 GB HDD/Linux) A315-31 Laptop,"₹15,990",2 GB DDR3 RAM,,1 Year International Travelers Warranty (ITW)
17,15.6 inch Display,,Acer Nitro 5 Core i5 7th Gen - (8 GB/1 TB HDD/128 GB SSD/Windows 10 Home/2 GB Graphics) AN515-51 Gamin...,"₹63,990",8 GB DDR4 RAM,,1 Year International Travelers Warranty (ITW)
18,15.6 inch Display,,HP APU Dual Core A9 - (4 GB/1 TB HDD/Windows 10 Home/2 GB Graphics) 15q-by002AX Laptop,"₹24,990",4 GB DDR4 RAM,,1 Year Onsite Warranty
19,10.1 inch Touchscreen Display,,Acer Switch One Atom Quad Core - (2 GB/32 GB EMMC Storage/Windows 10 Home) SW110-1CT 2 in 1 Laptop,"₹12,490",2 GB DDR3 RAM,,1 Year Onsite Warranty
20,15.6 inch Display,,HP 15 Core i3 6th Gen - (4 GB/1 TB HDD/DOS) 15Q-BU007TU Laptop,"₹26,990",4 GB DDR4 RAM,,1 Year Onsite Warranty
21,15.6 inch Display,,Dell Inspiron APU Dual Core A9 7th Gen - (6 GB/1 TB HDD/Windows 10 Home) 3565 Laptop,"₹28,990",6 GB DDR4 RAM,,1 Year Onsite Warranty
22,14 inch Touchscreen Display,,Lenovo APU Dual Core A9 6th Gen - (4 GB/1 TB HDD/Windows 10 Home) Yoga 510 2 in 1 Laptop,"₹27,990",4 GB DDR4 RAM,,1 Year Onsite Warranty
23,15.6 inch Display,,Dell Inspiron Pentium Quad Core - (4 GB/500 GB HDD/Ubuntu) 3552 Notebook,"₹19,990",4 GB DDR3 RAM,,1 Year Onsite Warranty
24,14 inch Display,,HP 14 Core i3 6th Gen - (4 GB/1 TB HDD/DOS) 14q-BU012TU Laptop,"₹25,990",4 GB DDR4 RAM,,1 Year Onsite Warranty
25,15.6 inch Display,,Lenovo Ideapad Core i3 6th Gen - (4 GB/1 TB HDD/DOS) IP 320E-15ISK Laptop,"₹25,990",4 GB DDR4 RAM,,1 Year Onsite Warranty
26,15.6 inch Display,,Acer Nitro 5 Core i5 7th Gen - (8 GB/1 TB HDD/Windows 10 Home/2 GB Graphics) AN515-51 Gaming Laptop,"₹57,990",8 GB DDR4 RAM,,1 Year International Travelers Warranty (ITW)
27,13.3 inch Display,,HP Envy Core i3 7th Gen - (4 GB/128 GB SSD/Windows 10 Home) 13-ad079TU Thin and Light Laptop,"₹49,990",4 GB DDR3 RAM,,1 Year Onsite Warranty
28,15.6 inch Display,,Lenovo Pentium Quad Core - (4 GB/500 GB HDD/Windows 10 Home) IP 110 Laptop,"₹20,990",4 GB DDR3 RAM,,1 Year Onsite Warranty
29,15.6 inch Display,,Lenovo Ideapad Core i7 7th Gen - (8 GB/1 TB HDD/Windows 10 Home/2 GB Graphics) IP 320E Laptop,"₹52,990",8 GB DDR4 RAM,,1 Year Onsite Warranty
30,14 inch Display,,Lenovo Ideapad 320 APU Dual Core A6 - (4 GB/500 GB HDD/Windows 10 Home) IP 320-14AST Laptop,"₹21,990",4 GB DDR4 RAM,,1 Year Onsite Warranty
31,15.6 inch Display,,Dell Inspiron Core i5 7th Gen - (4 GB/1 TB HDD/Windows 10 Home/2 GB Graphics) 3567 Notebook,"₹39,990",4 GB DDR4 RAM,,1 Year Onsite Warranty
32,15.6 inch Display,,HP 15 Core i3 6th Gen - (4 GB/1 TB HDD/DOS) 15q-BU020TU Laptop,"₹26,490",4 GB DDR4 RAM,,1 Year Onsite Warranty
33,15.6 inch Display,,Lenovo Ideapad Core i5 7th Gen - (4 GB/1 TB HDD/Windows 10 Home) IP 320E-15IKB Laptop,"₹38,990",4 GB DDR4 RAM,,1 Year Onsite Warranty
34,15.6 inch Display,,Lenovo Ideapad Core i3 6th Gen - (8 GB/1 TB HDD/Windows 10 Home/2 GB Graphics) IP 320 Laptop,"₹37,990",8 GB DDR4 RAM,,1 Year Onsite Warranty
35,15.6 inch Display,,Asus FX503 Core i7 7th Gen - (8 GB/1 TB HDD/Windows 10 Home/4 GB Graphics) FX503VD-DM111T Gaming Lapto...,"₹72,990",8 GB DDR4 RAM,,2 Years Onsite Warranty
36,12.3 inch Touchscreen Display,,Microsoft Surface Pro Core i5 7th Gen - (4 GB/128 GB SSD/Windows 10 Pro) 1796 2 in 1 Laptop,"₹67,999",4 GB DDR3 RAM,,1 Year Onsite Warranty
37,15.6 inch Display,,Dell Inspiron APU Dual Core A6 7th Gen - (4 GB/500 GB HDD/Ubuntu) 3565 Laptop,"₹20,990",4 GB DDR4 RAM,,1 Year Onsite Warranty
38,15.6 inch Display,,Asus APU Dual Core E1 - (4 GB/500 GB HDD/Windows 10 Home) X540YA-XO547T Laptop,"₹17,990",4 GB DDR3 RAM,,1 Year Onsite Warranty
39,10.1 inch Touchscreen Display,,i-Life ZED Series Atom Quad Core - (2 GB/32 GB EMMC Storage/Windows 10 Home) ZED Book W 2 in 1 Laptop,"₹9,999",2 GB DDR3 RAM,,1 Year Carry In Warranty
40,13.3 inch Display,,HP Envy Core i5 8th Gen - (8 GB/256 GB SSD/Windows 10 Home) 13-ad125TU Thin and Light Laptop,"₹67,990",8 GB DDR3 RAM,,1 Year Onsite Warranty
41,15.6 inch Display,,Dell Inspiron 15 5000 Core i3 6th Gen - (4 GB/1 TB HDD/Windows 10 Home) 5567 Laptop,"₹31,990",4 GB DDR4 RAM,,1 Year Onsite Warranty
42,15.6 inch Display,,Dell Inspiron 15 3000 Series Core i5 7th Gen - (4 GB/1 TB HDD/Ubuntu/2 GB Graphics) 3567 Laptop,"₹36,990",4 GB DDR4 RAM,,1 Year Onsite Warranty
43,15.6 inch Display,,Acer Nitro 5 Core i5 7th Gen - (8 GB/1 TB HDD/128 GB SSD/Windows 10 Home/4 GB Graphics) AN515-51 Gamin...,"₹69,990",8 GB DDR4 RAM,,1 Year International Travelers Warranty (ITW)
44,14 inch Display,,Iball Compbook Celeron Dual Core 7th Gen - (3 GB/32 GB EMMC Storage/Windows 10) Marvel 6 Laptop,"₹14,999",3 GB DDR3 RAM,,
45,15.6 inch Display,,Lenovo Ideapad Core i5 7th Gen - (8 GB/2 TB HDD/DOS/2 GB Graphics) IP 320E-15IKB Laptop,"₹44,990",8 GB DDR4 RAM,,1 Year Onsite Warranty
46,15.6 inch Display,,Lenovo Ideapad Core i3 6th Gen - (4 GB/1 TB HDD/DOS/2 GB Graphics) IP 320 Laptop,"₹32,490",4 GB DDR4 RAM,,1 Year Onsite Warranty
47,15.6 inch Display,,Lenovo Ideapad 520 Core i7 7th Gen - (16 GB/2 TB HDD/Windows 10 Home/4 GB Graphics) IP 520 Laptop,"₹74,990",16 GB DDR4 RAM,,1 Year Onsite Warranty
48,15.6 inch Display,,Lenovo IdeaPad Pentium Quad Core - (4 GB/1 TB HDD/DOS) 110-15IBR Laptop,"₹19,990",4 GB DDR3 RAM,,1 Year Onsite Warranty
49,15.6 inch Display,,Dell Inspiron APU Dual Core E2 - (4 GB/500 GB HDD/Linux) 3565 Laptop,"₹19,990",4 GB DDR4 RAM,,1 Year Onsite Warranty
50,14 inch Display,,Asus EeeBook APU Quad Core E2 - (4 GB/500 GB HDD/Windows 10 Home) E402WA-GA001T Laptop,"₹19,490",4 GB DDR3 RAM,,1 Year Onsite Warranty
51,15.6 inch Display,,Dell Insprion Core i7 7th Gen - (8 GB/1 TB HDD/Windows 10/2 GB Graphics) 3567 Laptop,"₹51,990",8 GB DDR4 RAM,,1 Year Onsite Warranty By Dell
52,15.6 inch Display,,Lenovo Ideapad 320 Core i5 7th Gen - (8 GB/2 TB HDD/DOS/4 GB Graphics) IP 320-15IKB Laptop,"₹46,990",8 GB DDR4 RAM,,1 Year Onsite Warranty
53,15.6 inch Display,,HP Core i5 7th Gen - (8 GB/1 TB HDD/Windows 10 Home/4 GB Graphics) 15-au623tx Laptop,"₹53,990",8 GB DDR4 RAM,,1 Year Onsite Warranty
54,15.6 inch Display,,Acer Aspire 3 Celeron Dual Core - (2 GB/500 GB HDD/Windows 10) A315-31 Laptop,"₹17,990",2 GB DDR3 RAM,,1 Year International Travelers Warranty (ITW)
55,14 inch Touchscreen Display,,Lenovo Yoga 510 Core i3 6th Gen - (4 GB/1 TB HDD/Windows 10 Home) Yoga 510 2 in 1 Laptop,"₹38,990",4 GB DDR4 RAM,,1 Year Onsite Warranty
56,15.6 inch Display,,Lenovo APU Dual Core A6 7th Gen - (4 GB/1 TB HDD/DOS) IP 320E Notebook,"₹19,990",4 GB DDR4 RAM,,1 Year Onsite Warranty
57,12.3 inch Touchscreen Display,,Microsoft Surface Pro 4 Core m3 6th Gen - (4 GB/128 GB SSD/Windows 10 Home) 1724 2 in 1 Laptop,"₹47,990",4 GB DDR3 RAM,,1 Year Limited Hardware Warranty
58,15.6 inch Display,,HP 15 Core i3 6th Gen - (4 GB/1 TB HDD/Windows 10 Home) 15-BS636TU Laptop,"₹31,990",4 GB DDR4 RAM,,1 Year Onsite Warranty
59,15.6 inch Display,,Acer Aspire E15 APU Quad Core A10 - (4 GB/1 TB HDD/Windows 10 Home) E5-553 / E5-553G Laptop,"₹27,990",4 GB DDR4 RAM,,1 Year International Travelers Warranty (ITW)
60,15.6 inch Display,,Dell Inspiron Core i3 6th Gen - (4 GB/1 TB HDD/Linux) 5567 Laptop,"₹30,990",4 GB DDR4 RAM,,1 Year Onsite Warranty
61,15.6 inch Display,,Dell Inspiron 15 3000 Series Core i5 7th Gen - (4 GB/1 TB HDD/Windows 10 Home) 3567 Laptop,"₹39,990",4 GB DDR4 RAM,,1 Year Onsite Warranty
62,14 inch Display,,Lenovo Ideapad 520 Core i5 7th Gen - (8 GB/1 TB HDD/128 GB SSD/Windows 10 Home) 520S-14IKB U Laptop,"₹52,990",8 GB DDR4 RAM,,1 Year Onsite Warranty
63,15.6 inch Display,,Acer E1 APU Dual Core E1 7th Gen - (4 GB/1 TB HDD/Linux) ASpire Laptop,"₹18,990",4 GB DDR3 RAM,,
64,11.6 inch Display,,Micromax Atom Quad Core - (2 GB/32 GB EMMC Storage/Windows 10 Home) Canvas L1160 Laptop,"₹11,100",2 GB DDR3 RAM,,1 Year Limited Warranty
65,14 inch Display,,Lenovo Ideapad 320 Core i3 7th Gen - (4 GB/1 TB HDD/Windows 10 Home) IP 320S Laptop,"₹37,777",4 GB DDR4 RAM,,1 Year Onsite Warranty
66,15.6 inch Display,,Lenovo Ideapad Core i5 7th Gen - (8 GB/2 TB HDD/Windows 10 Home/2 GB Graphics) IP 320E-15IKB Laptop,"₹47,990",8 GB DDR4 RAM,,1 Year Onsite Warranty
67,15.6 inch Display,,HP 15 APU Dual Core A6 - (4 GB/1 TB HDD/DOS) 15q-BY004AU Laptop,"₹22,990",4 GB DDR4 RAM,,1 Year Onsite Warranty
68,15.6 inch Display,,HP 15 Core i3 6th Gen - (8 GB/1 TB HDD/Windows 10 Home/2 GB Graphics) 15-BS661TX Laptop,"₹39,490",8 GB DDR4 RAM,,1 Year Onsite Warranty
69,11.6 inch Display,,RDP ThinBook Atom Quad Core 8th Gen - (2 GB/500 GB HDD/Windows 10) 1130-ECW Laptop,"₹13,999",2 GB DDR3 RAM,,
70,14 inch Display,,HP G APU Quad Core A6 - (4 GB/500 GB HDD/DOS) 245 G5 Laptop,"₹19,129",4 GB DDR3 RAM,,
71,14 inch Display,,Lenovo Ideapad 320 Core i5 7th Gen - (4 GB/1 TB HDD/Windows 10 Home) IP 320S Laptop,"₹44,990",4 GB DDR4 RAM,,1 Year Onsite Warranty
72,15.6 inch Display,,HP 15 Core i3 7th Gen - (4 GB/1 TB HDD/Windows 10 Home) 15-BS638TU Laptop,"₹36,990",4 GB DDR4 RAM,,1 Year Onsite Warranty
73,13.3 inch Touchscreen Display,,HP Core i5 7th Gen - (4 GB/1 TB HDD/Windows 10 Home) 13-U132TU x360 2 in 1 Laptop,"₹52,990",4 GB DDR4 RAM,,1 Year Onsite Warranty
74,15.6 inch Display,,Acer Swift 3 Ryzen 5 Quad Core - (8 GB/1 TB HDD/Linux) SF315-41 Laptop,"₹48,490",8 GB DDR4 RAM,,1 Year International Travelers Warranty (ITW)
75,15.6 inch Display,,HP Imprint APU Dual Core E2 - (4 GB/1 TB HDD/DOS) 15-BW098AU Laptop,"₹20,736",4 GB DDR4 RAM,,1 Year Onsite Warranty
76,15.6 inch Display,,Asus Core i3 6th Gen - (4 GB/1 TB HDD/Windows 10 Home) X541UA-DM1295T Laptop,"₹29,300",4 GB DDR4 RAM,,1 Year Onsite Warranty
77,15.6 inch Display,,Fujitsu A series Core i3 5th Gen - (4 GB/1 TB HDD/DOS) Lifebook Laptop,"₹26,500",4 GB DDR3 RAM,,
78,15.6 inch Display,,MSI P Series Core i7 7th Gen - (8 GB/1 TB HDD/128 GB SSD/DOS/4 GB Graphics) PE62 7RE-2024XIN Gaming La...,"₹73,990",8 GB DDR4 RAM,,1 Year Warranty
79,15.6 inch Display,,HP 15 Core i3 6th Gen - (8 GB/1 TB HDD/DOS/2 GB Graphics) 15-BS658TX Laptop,"₹34,919",8 GB DDR4 RAM,,1 Year Onsite Warranty
80,15.6 inch Display,,HP APU Quad Core A8 - (4 GB/1 TB HDD/Windows 10 Home) 15-BG004AU Laptop,"₹25,480",4 GB DDR3 RAM,,1 Year Onsite Warranty
81,15.6 inch Display,,MSI GL Core i7 8th Gen - (8 GB/1 TB HDD/128 GB SSD/Windows 10 Home/4 GB Graphics) GL63 8RD-062IN Gamin...,"₹89,990",8 GB DDR4 RAM,,2 Years Carry In Warranty
82,15.6 inch Display,,Acer Predator Helios 300 Core i7 7th Gen - (8 GB/1 TB HDD/128 GB SSD/Windows 10 Home/4 GB Graphics) G3...,"₹109,990",8 GB DDR4 RAM,,1 Year International Travelers Warranty (ITW)
83,15.6 inch Display,,Lenovo Ideapad Core i3 6th Gen - (4 GB/2 TB HDD/Windows 10 Home) IP 320 Notebook,"₹31,990",4 GB DDR4 RAM,,1 Year Onsite Warranty
84,15.6 inch Display,,MSI GL Series Core i7 7th Gen - (8 GB/1 TB HDD/Windows 10 Home/4 GB Graphics) GL62M 7RDX-2680IN Gaming...,"₹75,990",8 GB DDR4 RAM,,2 Years Carry In Warranty
85,15.6 inch Display,,Dell Vostro Celeron Dual Core 6th Gen - (4 GB/500 GB HDD/DOS) 3568 Laptop,"₹21,390",4 GB DDR4 RAM,,1 Year Warranty
86,15.6 inch Display,,HP 15 APU Dual Core A9 - (4 GB/500 GB HDD/Windows 10 Home) 15-BW523AU Laptop,"₹24,490",4 GB DDR4 RAM,,1 Year Onsite Warranty
87,15.6 inch Display,,Dell 3000 Core i3 6th Gen - (4 GB/1 TB HDD/Ubuntu) 3568 Laptop,"₹28,170",4 GB DDR4 RAM,,
88,13.3 inch Display,,Apple MacBook Air Core i5 5th Gen - (8 GB/256 GB SSD/Mac OS Sierra) MQD42HN/A,"₹73,470",8 GB DDR3 RAM,,1 Year Warranty
89,15.6 inch Display,,Asus ROG Strix Edition Core i7 8th Gen - (16 GB/1 TB HDD/256 GB SSD/Windows 10 Home/4 GB Graphics) GL5...,"₹109,990",16 GB DDR4 RAM,,2 Years Global Warranty by Asus
90,15.6 inch Display,,Asus X Series Core i3 7th Gen - (4 GB/1 TB HDD/DOS) X541UA-DM1358D Laptop,"₹28,490",4 GB DDR4 RAM,,1 Year Global Onsite Warranty
91,15.6 inch Display,,MSI GP Core i7 8th Gen - (16 GB/1 TB HDD/256 GB SSD/Windows 10 Home/6 GB Graphics) GP63 8RE-216IN Gami...,"₹129,990",16 GB DDR4 RAM,,2 Years Carry In Warranty
92,13.3 inch Touchscreen Display,,HP Envy Core i5 8th Gen - (8 GB/256 GB SSD/Windows 10 Home) 13-ad126TU Thin and Light Laptop,"₹74,990",8 GB DDR3 RAM,,1 Year Onsite Warranty
93,13.3 inch Touchscreen Display,,HP Envy Core i7 8th Gen - (8 GB/256 GB SSD/Windows 10 Home) 13-ad128TU Thin and Light Laptop,"₹84,990",8 GB DDR3 RAM,,1 Year Onsite Warranty
94,15.6 inch Display,,Asus VivoBook S15 Core i3 7th Gen - (4 GB/1 TB HDD/Windows 10 Home) X510UA-EJ770T Laptop,"₹34,200",4 GB DDR4 RAM,,1 Year Global Onsite Warranty
95,15.6 inch Display,,Acer Predator Helios 300 Core i5 7th Gen - (8 GB/1 TB HDD/128 GB SSD/Windows 10 Home/4 GB Graphics) G3...,"₹79,990",8 GB DDR4 RAM,,1 Year International Travelers Warranty (ITW)
96,14.1 inch Display,,Lenovo Ideapad 520 Core i5 7th Gen - (8 GB/256 GB SSD/Windows 10 Home) IP 520S Laptop,"₹59,990",8 GB DDR4 RAM,,1 Year Onsite Warranty
97,15.6 inch Display,,HP Notebook Pentium Dual Core - (4 GB/1 TB HDD/DOS) 15q-BU005TU Laptop,"₹21,985",4 GB DDR3 RAM,,
98,11.6 inch Display,,Iball Atom Quad Core - (2 GB/32 GB EMMC Storage/Windows 10 Home) CompBook Excelance Laptop,"₹10,700",2 GB DDR3 RAM,,1 Year Manufacturer Warranty
99,15.6 inch Display,,HP 15 Core i5 8th Gen - (8 GB/2 TB HDD/DOS/2 GB Graphics) BS180TX Laptop,"₹45,750",8 GB DDR4 RAM,,
100,14 inch Touchscreen Display,,HP Pavilion x360 Core i5 8th Gen - (8 GB/1 TB HDD/8 GB SSD/Windows 10 Home) 14-ba123TU 2 in 1 Laptop,"₹64,490",8 GB DDR4 RAM,,1 Year Onsite Warranty
101,11.6 inch Display,,Iball Compbook-OHD Atom - (2 GB/32 GB EMMC Storage/Windows 10/2 GB Graphics) Compbook-OHD Laptop,"₹10,499",2 GB DDR3 RAM,,
102,15.6 inch Display,,MSI GL Core i7 8th Gen - (8 GB/1 TB HDD/Windows 10 Home/4 GB Graphics) GL63 8RC-063IN Gaming Laptop,"₹79,990",8 GB DDR4 RAM,,2 Years Carry In Warranty
103,15 inch Display,,Apple Macbook Pro Core i7 - (16 GB/256 GB SSD/Mac OS Sierra/2 GB Graphics) MLH32HN/A,"₹153,456",16 GB DDR3 RAM,,1 Year Warranty
104,15.6 inch Display,,Lenovo Core i5 7th Gen - (8 GB/2 TB HDD/Windows 10 Home/4 GB Graphics) IP 520 Laptop,"₹62,900",8 GB DDR4 RAM,,1 Year Onsite Warranty
105,15.6 inch Display,,Lenovo Ideapad 320 Core i5 7th Gen - (4 GB/2 TB HDD/Windows 10 Home/4 GB Graphics) IP 320-15IKB Laptop,"₹47,990",4 GB DDR4 RAM,,1 Year Onsite Warranty
106,11.6 inch Display,,Asus E203NAH-FD048T Celeron Dual Core 7th Gen - (4 GB/500 GB HDD/Windows 10 Home) E203NAH-FD048T Lapto...,"₹22,490",4 GB DDR3 RAM,,1 Year Global In-site Warranty
107,14 inch Display,,LG Gram Core i5 7th Gen - (8 GB/256 GB SSD/Windows 10 Home) 14Z970 Thin and Light Laptop,"₹66,995",8 GB DDR4 RAM,,3 Year Onsite Warranty
108,15.6 inch Display,,MSI GS Core i7 8th Gen - (16 GB/512 GB SSD/Windows 10 Home/6 GB Graphics) GS65 8RE-084IN Gaming Laptop,"₹170,368",16 GB DDR4 RAM,,2 Years Carry In Warranty
109,17.3 inch Display,,MSI GE Core i7 8th Gen - (16 GB/1 TB HDD/512 GB SSD/Windows 10 Home/8 GB Graphics) GE73 8RF-024IN Gami...,"₹179,990",16 GB DDR4 RAM,,2 Years Carry In Warranty
110,13.3 inch Display,,Apple MacBook Pro Core i5 7th Gen - (8 GB/256 GB SSD/Mac OS Sierra) MPXU2HN/A,"₹121,100",8 GB DDR3 RAM,,1 Year Warranty
111,11.6 inch Display,,Asus E203NAH Celeron Dual Core 7th Gen - (2 GB/Windows 10 Home) E203NAH-FD054T Laptop,"₹19,099",2 GB DDR3 RAM,,1 Year Warranty
112,15.6 inch Display,,Lenovo Ideapad 320 Core i7 7th Gen - (8 GB/1 TB HDD/Windows 10 Home/2 GB Graphics) IP 320-15IKB Laptop,"₹59,999",8 GB DDR4 RAM,,1 Year Onsite Warranty
113,15.6 inch Display,,Asus ROG Zenphyrus Edition Core i7 8th Gen - (24 GB/1 TB SSD/Windows 10 Home/8 GB Graphics) GX501GI-EI...,"₹299,990",24 GB DDR4 RAM,,2 Years Global Warranty by Asus
114,15 inch Display,,Apple Macbook Pro Core i7 - (16 GB/512 GB SSD/Mac OS Sierra/2 GB Graphics) MLH42HN/A,"₹169,999",16 GB DDR3 RAM,,1 Year Warranty
115,13.3 inch Display,,HP Envy Core i7 8th Gen - (8 GB/256 GB SSD/Windows 10 Home) 13-ad127TU Thin and Light Laptop,"₹79,990",8 GB DDR3 RAM,,1 Year Onsite Warranty
116,13 inch Display,,Dell Inspiron 13 5000 Core i7 8th Gen - (8 GB/256 GB SSD/Windows 10 Home/2 GB Graphics) 5370 Thin and ...,"₹78,246",8 GB DDR4 RAM,,1 Year Onsite Warranty
117,13.3 inch Display,,Apple MacBook Pro Core i5 - (8 GB/128 GB SSD/OS X Yosemite) MF839HN/A,"₹103,999",8 GB DDR3 RAM,,1 Year Limited Warranty from Apple
118,15.6 inch Display,,Asus Vivobook S150 Core i5 8th Gen - (8 GB/1 TB HDD/128 GB SSD/Windows 10 Home/2 GB Graphics) S510UN-B...,"₹65,990",8 GB DDR4 RAM,,On Site Warranty
119,15.6 inch Display,,Dell Inspiron 5000 Core i5 7th Gen - (8 GB/1 TB HDD/Windows 10 Home/4 GB Graphics) 5567 Laptop,"₹57,999",8 GB DDR4 RAM,,1 Year Limited Hardware Warranty
120,15.6 inch Display,,MSI GE Core i7 8th Gen - (16 GB/1 TB HDD/256 GB SSD/Windows 10 Home/8 GB Graphics) GE63 8RF-215IN Gami...,"₹164,990",16 GB DDR4 RAM,,2 Years Carry In Warranty
121,15.6 inch Display,,Asus Vivobook Core i7 8th Gen - (8 GB/1 TB HDD/Windows 10 Home/2 GB Graphics) R542UQ-DM275T Laptop,"₹63,990",8 GB DDR4 RAM,,2 Years Global Manufacturing Warranty
122,15.6 inch Display,,MSI GS Core i7 8th Gen - (16 GB/512 GB SSD/Windows 10 Home/8 GB Graphics) GS65 8RF-056IN Gaming Laptop,"₹189,990",16 GB DDR4 RAM,,2 Years Carry In Warranty
123,18.4 inch Display,,MSI GT Core i7 8th Gen - (32 GB/1 TB HDD/512 GB SSD/Windows 10 Home/8 GB Graphics) GT83 8RG-007IN Gami...,"₹399,990",32 GB DDR4 RAM,,2 Years Carry In Warranty
124,15.6 inch Display,,Dell 3558 Core i3 4th Gen - (4 GB/500 GB HDD/Windows 8 Pro) 3558 Business Laptop,"₹32,400",4 GB DDR3 RAM,,
125,15.6 inch Display,,Asus K555LB Core i5 5th Gen - (8 GB/1 TB HDD/Windows 10 Home/2 GB Graphics) K555LB-DM109T Laptop,"₹47,300",8 GB DDR3 RAM,,1 Years Global Warranty
126,15.6 inch Display,,Acer Aspire Core i5 5th Gen - (4 GB/1 TB HDD/Linux/2 GB Graphics) Aspire E5-573G Laptop,"₹36,990",4 GB DDR3 RAM,,One Year International Travel Warranty (Itw)
127,11.6 inch Display,,Asus E203NAH-FD049T Celeron Dual Core 7th Gen - (2 GB/500 GB HDD/Windows 10 Home) E203NAH-FD049T Lapto...,"₹19,190",2 GB DDR3 RAM,,1 Year Global In-site Warranty
128,11.6 inch Display,,Iball C Series Atom - (2 GB/32 GB EMMC Storage/Windows 10) Compbook Laptop,"₹10,344",2 GB DDR3 RAM,,
129,13.3 inch Touchscreen Display,No Cost EMI,Dell Inspiron 13 7000 Core i7 8th Gen - (16 GB/512 GB SSD/Windows 10 Home) 7373 2 in 1 Laptop,"₹94,750",16 GB DDR4 RAM,,1 Year Onsite Warranty
130,15 inch Display,,Apple Macbook Pro Core i7 - (16 GB/256 GB SSD/Mac OS Sierra/2 GB Graphics) MLW72HN/A,"₹154,840",16 GB DDR3 RAM,,1 Year Warranty
131,13.3 inch Display,,Apple MacBook Pro Core i5 7th Gen - (8 GB/256 GB SSD/Mac OS Sierra) MPXT2HN/A,"₹112,900",8 GB DDR3 RAM,,1 Year Warranty
132,13.3 inch Display,,Apple MacBook Pro Core i5 7th Gen - (8 GB/128 GB SSD/Mac OS Sierra) MPXR2HN/A,"₹98,499",8 GB DDR3 RAM,,1 Year Warranty
133,13.3 inch Touchscreen Display,,Dell Inspiron 13 7000 Core i5 8th Gen - (8 GB/256 GB SSD/Windows 10 Home) 7373 2 in 1 Laptop,"₹82,618",8 GB DDR4 RAM,,1 Year Onsite Warranty
134,14 inch Display,,HP 14Q-BU006TU Core i3 6th Gen - (4 GB/1 TB HDD/Windows 10) 14Q-BU006TU Laptop,"₹30,799",4 GB DDR4 RAM,,One Year Limited Warranty
135,15.6 inch Display,,HP 15Q-BU008TX Core i3 6th Gen - (4 GB/1 TB HDD/DOS/2 GB Graphics) 15Q-BU008TX Laptop,"₹30,999",4 GB DDR4 RAM,,One Year Limited Warranty
136,15.6 inch Display,,Acer Aspire E15 Core i3 6th Gen - (8 GB/1 TB HDD/Windows 10 Home) E5-575 Laptop,"₹38,999",8 GB DDR4 RAM,,1 Year International Travelers Warranty (ITW)
137,14 inch Display,,Iball Atom 7th Gen - (4 GB/32 GB HDD/Windows 10 Home) Exemplaire+ Laptop,"₹13,999",4 GB DDR3 RAM,,
138,14 inch Display,,Acer Aspire Core i3 6th Gen - (4 GB/128 GB SSD/Windows 10 Home) X349-M Laptop,"₹49,449",4 GB DDR4 RAM,,
139,13.3 inch Display,,Apple MacBook Pro Core i5 7th Gen - (8 GB/512 GB SSD/Mac OS Sierra) MPXW2HN/A,"₹156,999",8 GB DDR3 RAM,,1 Year Warranty
140,14 inch Touchscreen Display,,Lenovo Core i5 7th Gen - (4 GB/1 TB HDD/Windows 10 Home) Yoga 520 2 in 1 Laptop,"₹60,946",4 GB DDR4 RAM,,1 Year Onsite Warranty
141,15.6 inch Display,,HP BS Core i3 6th Gen - (4 GB/1 TB HDD/Windows 10 Home) 15-BS618TU Laptop,"₹34,990",4 GB DDR4 RAM,,1 Year Onsite Warranty
142,15.4 inch Display,,Apple MacBook Pro Core i7 7th Gen - (16 GB/512 GB SSD/Mac OS Sierra/2 GB Graphics) MPTT2HN/A,"₹228,100",16 GB DDR3 RAM,,1 Year Warranty
143,15.6 inch Display,,MSI GL Core i7 7th Gen - (8 GB/1 TB HDD/128 GB SSD/Windows 10 Home/4 GB Graphics) GL62M 7REX Gaming La...,"₹99,990",8 GB DDR4 RAM,,2 Years Manufacturer Warranty
144,13 inch Display,,Dell Inspiron 13 5000 Core i5 8th Gen - (8 GB/256 GB SSD/Windows 10 Home) 5370 Thin and Light Laptop,"₹57,980",8 GB DDR4 RAM,,1 Year Onsite Warranty
145,13.3 inch Display,,Apple MacBook Pro Core i5 7th Gen - (8 GB/512 GB SSD/Mac OS Sierra) MPXY2HN/A,"₹164,100",8 GB DDR3 RAM,,1 Year Warranty
146,15.6 inch Display,,HP 15 Core i5 8th Gen - (8 GB/1 TB HDD/Windows 10 Home/2 GB Graphics) 15g-BR105TX Laptop,"₹55,990",8 GB DDR4 RAM,,1 Year Onsite Warranty From HP
147,15 inch Display,,Apple Macbook Pro Core i7 - (16 GB/512 GB SSD/Mac OS Sierra/2 GB Graphics) MLW82HN/A,"₹226,000",16 GB DDR3 RAM,,1 Year Warranty
148,14 inch Touchscreen Display,,HP BA Core i3 7th Gen - (4 GB/1 TB HDD/8 GB SSD/128 GB EMMC Storage/Windows 10 Home/2 GB Graphics) BA1...,"₹55,190",4 GB DDR4 RAM,,
149,15.6 inch Display,,Acer Aspire Core i5 7th Gen - (4 GB/1 TB HDD/Linux/2 GB Graphics) E5-575G Laptop,"₹41,500",4 GB DDR4 RAM,,1 Year International Travelers Warranty (ITW)
150,15.6 inch Display,,Dell Inspiron 5000 Core i5 7th Gen - (8 GB/2 TB HDD/Windows 10 Home/2 GB Graphics) 5567 Laptop,"₹60,890",8 GB DDR4 RAM,,1 Year Onsite Warranty
151,15.6 inch Display,,Asus Vivobook Series Core i5 7th Gen - (8 GB/1 TB HDD/DOS/2 GB Graphics) R542UQ-DM153 Laptop,"₹41,790",8 GB DDR4 RAM,,2 Years Global Manufacturing Warranty
152,13.3 inch Display,,Apple MacBook Air Core i5 5th gen - (8 GB/256 GB SSD/OS X El Capitan) MMGG2HN/A,"₹72,000",8 GB DDR3 RAM,,1 Year Limited Warranty from Apple
153,15.6 inch Display,,HP Core i5 7th Gen - (8 GB/1 TB HDD/Windows 10 Home/2 GB Graphics) 15-AU620TX Laptop,"₹56,490",8 GB DDR4 RAM,,1 Year Onsite Warranty
154,15.6 inch Display,,HP 15 APU Dual Core A9 - (4 GB/1 TB HDD/DOS) 15-bw094AU Laptop,"₹24,490",4 GB DDR4 RAM,,1 Year Onsite Warranty
155,15.4 inch Display,,Apple MacBook Pro Core i7 7th Gen - (16 GB/512 GB SSD/Mac OS Sierra/2 GB Graphics) MPTV2HN/A,"₹228,100",16 GB DDR3 RAM,,1 Year Warranty
156,15 inch Display,,Apple MacBook Pro Core i7 5th Gen - (16 GB/256 GB SSD/OS X El Capitan) MJLQ2HN/A,"₹141,470",16 GB DDR3 RAM,,One Year Manufacturing Limited Warranty
157,13 inch Display,,Apple Macbook Pro Core i5 - (8 GB/256 GB SSD/Mac OS Sierra) MLVP2HN/A,"₹126,499",8 GB DDR3 RAM,,1 Year Warranty
158,13.3 inch Display,,Apple MacBook Pro Core i5 7th Gen - (8 GB/256 GB SSD/Mac OS Sierra) MPXV2HN/A,"₹137,999",8 GB DDR3 RAM,,1 Year Warranty
159,11.6 inch Display,,Asus Celeron Celeron Dual Core - (2 GB/500 GB HDD/DOS) E202SA-FD111D Notebook,"₹19,999",2 GB DDR3 RAM,,
160,13.3 inch Touchscreen Display,,HP Spectre x360 Core i7 8th Gen - (16 GB/512 GB SSD/Windows 10 Pro) 13-ae503TU 2 in 1 Laptop,"₹156,990",16 GB DDR3 RAM,,1 Year Onsite Warranty
161,11.6 inch Display,,iBall CompBook Atom - (2 GB/32 GB HDD/32 GB SSD/Windows 10) Excelance-OHD Laptop,"₹10,600",2 GB DDR3 RAM,,
162,15.6 inch Display,,Dell Core i5 6th Gen - (4 GB/1 TB HDD/Windows 10 Home/2 GB Graphics) 5559 Laptop,"₹59,990",4 GB DDR3 RAM,,"2 Years Limited Hardware Warranty, In-home Service after Remote Diagnosis Retail"
163,13.3 inch Display,,Apple MacBook Pro Core i5 7th Gen - (8 GB/256 GB SSD/Mac OS Sierra) MPXX2HN/A,"₹147,900",8 GB DDR3 RAM,,1 Year Warranty
164,15.6 inch Touchscreen Display,,Dell HD Core i7 8th Gen - (8 GB/1 TB HDD/Windows 10 Home) 5579 2 in 1 Laptop,"₹74,999",8 GB DDR4 RAM,,
165,13.3 inch Display,,Apple MacBook Pro Core i5 7th Gen - (8 GB/128 GB SSD/Mac OS Sierra) MPXQ2HN/A,"₹98,499",8 GB DDR3 RAM,,1 Year Warranty
166,12.38 inch Touchscreen Display,,Dell XPS 12 Ultrabook (3rd Gen Ci7/ 8GB/ 256GB SSD/ Win8/ Touch),"₹84,000",8 GB DDR3 RAM,,To Check Warranty Status Please Visit - http://www.dell.com/support/home/in/en/indhs1/Products/?IsTag=True&IsInvalidSelection=True
167,17.3 inch Touchscreen Display,,Dell Inspiron Core i7 7th Gen - (16 GB/1 TB HDD/Windows 10) I7779-1684GRY 2 in 1 Laptop,"₹109,999",16 GB DDR RAM,,1 Year Warranty
168,13.3 inch Touchscreen Display,,HP Pavilion Core i5 7th Gen - (8 GB/256 GB SSD/Windows 10 Home) Pavilion X360 2 in 1 Laptop,"₹69,999",8 GB DDR4 RAM,,1 Year Limited Hardware Warranty
169,15.6 inch Display,,AGB Tiara 2403-R Core i7 7th Gen - (8 GB/1 TB HDD/512 GB SSD/Windows 10/2 GB Graphics) 2403-R Laptop,"₹81,799",8 GB DDR4 RAM,,2 Year Warranty
170,14 inch Display,,AGB Orion Core i7 7th Gen - (8 GB/1 TB HDD/512 GB SSD/Windows 10/2 GB Graphics) ZQ-2501 Gaming Laptop,"₹74,399",8 GB DDR4 RAM,,2 Year Warranty
171,15.6 inch Display,,AGB Tiara Core i7 7th Gen - (8 GB/1 TB HDD/256 GB SSD/Windows 10/2 GB Graphics) 1210-V Laptop,"₹74,999",8 GB DDR4 RAM,,2 Year Warranty
172,14 inch Display,,AGB Orion Core i7 7th Gen - (8 GB/500 GB HDD/128 GB SSD/Windows 10/2 GB Graphics) RA-0301 Gaming Lapto...,"₹65,500",8 GB DDR4 RAM,,2 Year Warranty
173,15.6 inch Display,,HP Pentium Quad Core 4th Gen - (4 GB/500 GB HDD/Windows 10 Home) 15-AC647TU Laptop,"₹23,990",4 GB DDR3 RAM,,1 Year Onsite Warranty
174,14 inch Display,,HP ProBook Core i5 7th Gen - (4 GB/1 TB HDD/Windows 10 Pro) 440 Business Laptop,"₹68,500",4 GB DDR4 RAM,,3 Years Onsite Warranty
175,17.13 inch Display,,MSI GT72 2QD Dominator Laptop (4th Gen Ci7/ 8GB/ 1TB/ Win8.1),"₹165,000",8 GB DDR3 RAM,,2 Years of Warranty from MSI
176,15.6 inch Display,,AGB Octev Core i7 7th Gen - (8 GB/1 TB HDD/128 GB SSD/Windows 10/2 GB Graphics) AG-1208 Gaming Laptop,"₹72,199",8 GB DDR4 RAM,,2 Year Warranty
177,17.3 inch Display,,MSI Dominator Pro Core i7 4th Gen - (8 GB/1 TB HDD/Windows 8 Pro/8 GB Graphics) GT72 2QE Gaming Laptop,"₹205,000",8 GB DDR3 RAM,,2 Years of Warranty from MSI
178,14 inch Touchscreen Display,,HP Pavilion x360 Core i3 7th Gen - (4 GB/1 TB HDD/8 GB SSD/Windows 10 Home) 14-ba077TU 2 in 1 Laptop,"₹46,490",4 GB DDR4 RAM,,1 Year Onsite Warranty
179,14 inch Display,,AGB Orion Core i7 7th Gen - (8 GB/1 TB HDD/256 GB SSD/Windows 10/2 GB Graphics) ZQ-0812 Gaming Laptop,"₹68,299",8 GB DDR4 RAM,,2 Year Warranty
180,14 inch Display,,AGB Orion Core i7 7th Gen - (8 GB/500 GB HDD/256 GB SSD/Windows 10/2 GB Graphics) RA-3110 Gaming Lapto...,"₹67,499",8 GB DDR4 RAM,,2 Year Warranty
181,15.4 inch Display,,Apple MacBook Pro Core i7 7th Gen - (16 GB/256 GB SSD/Mac OS Sierra/2 GB Graphics) MPTU2HN/A,"₹179,900",16 GB DDR3 RAM,,1 Year Warranty
182,15.6 inch Display,,Dell 3000 Core i5 7th Gen - (4 GB/1 TB HDD/Windows 10/2 GB Graphics) Vostro 15 3568 Laptop,"₹47,000",4 GB DDR4 RAM,,1 Year Hardware Warranty
183,14 inch Display,,AGB Orion Core i7 7th Gen - (8 GB/1 TB HDD/128 GB SSD/Windows 10/2 GB Graphics) RA-0324 Gaming Laptop,"₹68,199",8 GB DDR4 RAM,,2 Year Warranty
184,14 inch Display,,AGB Orion Core i7 7th Gen - (8 GB/500 GB HDD/512 GB SSD/Windows 10/2 GB Graphics) ZQ-1608 Gaming Lapto...,"₹73,699",8 GB DDR4 RAM,,2 Year Warranty
185,17.3 inch Display,,Dell Inspiron Core i7 7th Gen - (16 GB/2 TB HDD/Windows 10 Home/4 GB Graphics) 5767 Gaming Laptop,"₹86,100",16 GB DDR4 RAM,,1 Year Limited Hardware Warranty
186,15.6 inch Display,,AGB Octev Core i7 7th Gen - (8 GB/1 TB HDD/256 GB SSD/Windows 10/2 GB Graphics) AB-1210 Laptop,"₹74,599",8 GB DDR4 RAM,,2 Year Warranty
187,15.6 inch Display,,AGB Tiara Core i7 7th Gen - (8 GB/500 GB HDD/512 GB SSD/Windows 10/2 GB Graphics) 1709A Laptop,"₹80,599",8 GB DDR4 RAM,,2 Year Warranty
188,15.6 inch Display,,HP 15 series Core i5 7th Gen - (4 GB/1 TB HDD/Windows 10/2 GB Graphics) 15G-BR019TX Laptop,"₹49,500",4 GB DDR4 RAM,,HP has 1 Year Limited Warranty on Manufacturing Defects.
189,10.1 inch Touchscreen Display,,Venturer BravoWin Atom Quad Core 2nd Gen - (2 GB/32 GB HDD/32 GB SSD/32 GB EMMC Storage/Windows 10/2 G...,"₹12,999",2 GB DDR3 RAM,,
190,15.6 inch Display,,HP Core i3 5th Gen - (4 GB/1 TB HDD/DOS) 15-AC122TU Laptop,"₹28,490",4 GB DDR3 RAM,,1 year HP India Warranty
191,15.6 inch Display,,Dell Core i3 6th Gen - (4 GB/1 TB HDD/Windows 10 Home) 5559 Laptop,"₹35,890",4 GB DDR3 RAM,,1 Year Limited Hardware Warranty
192,15.6 inch Display,,Alienware Core i7 7th Gen - (8 GB/1 TB HDD/256 GB SSD/Windows 10 Home/6 GB Graphics) 15 Gaming Laptop,"₹169,000",8 GB DDR4 RAM,,1 Year Onsite Warranty
193,10.1 inch Touchscreen Display,,i-Life ZED Series Atom Quad Core - (2 GB/32 GB EMMC Storage/Windows 10 Home) ZED Book W 2 in 1 Laptop,"₹9,999",2 GB DDR3 RAM,,1 Year Carry In Warranty
194,14 Inch Display,,i-Life ZED Series Atom Quad Core - (2 GB/32 GB EMMC Storage/Windows 10 Home) ZED Air Laptop,"₹12,990",2 GB DDR3 RAM,,1 Year Carry In Warranty
195,14 Inch Display,,i-Life ZED Series Atom Quad Core - (2 GB/32 GB EMMC Storage/Windows 10 Home) ZED Air Laptop,"₹12,990",2 GB DDR3 RAM,,1 Year Carry In Warranty
196,13.3 inch Display,,Apple Macbook Pro Core i5 - (4 GB/500 GB HDD/OS X Mavericks) A1278,"₹89,800",4 GB DDR3 RAM,,
197,12.5 Inch Display,,i-Life ZED Series Atom Quad Core - (2 GB/32 GB EMMC Storage/Windows 10 Home) ZED Air Pro Laptop,"₹10,999",2 GB DDR3 RAM,,1 Year Carry In Warranty
198,17.3 inch Display,,MSI GT Core i7 8th Gen - (32 GB/1 TB HDD/512 GB SSD/Windows 10 Home/8 GB Graphics) GT75 8RG-062IN Gami...,"₹299,990",32 GB DDR4 RAM,,2 Years Carry In Warranty
199,11.6 inch Display,,Micromax Atom Quad Core - (2 GB/32 GB EMMC Storage/Windows 10 Home) Canvas Lapbook Laptop,"₹8,990",2 GB DDR3 RAM,,1 Year Limited Warranty
200,11.6 inch Display,,Micromax Lapbook Atom Quad Core 4th - (2 GB/32 GB EMMC Storage/Windows 10) L1161 Laptop,"₹9,290",2 GB DDR3L RAM,,1 Year Product Warranty
201,15.6 inch Display,,Lenovo Ideapad 320 Core i5 7th Gen - (8 GB/1 TB HDD/Windows 10 Home/2 GB Graphics) IP 320-15IKB Laptop,"₹45,990",8 GB DDR4 RAM,,1 Year Onsite Warranty
202,15.6 inch Display,,HP Core i3 6th Gen - (4 GB/1 TB HDD/DOS) 15-BE012TU Laptop,"₹28,275",4 GB DDR4 RAM,,1 Year Onsite Warranty
203,11.6 inch Touchscreen Display,,RDP ThinBook Atom Quad Core 7th Gen - (2 GB/32 GB EMMC Storage/Windows 10) 1110 2 in 1 Laptop,"₹13,999",2 GB DDR3 RAM,,
204,15.6 inch Display,,Asus Vivobook S15 Core i5 8th Gen - (8 GB/1 TB HDD/128 GB SSD/Windows 10 Home/2 GB Graphics) S510UN-BQ...,"₹65,990",8 GB DDR4 RAM,,
205,15.6 inch Display,,Dell Inspiron Core i3 6th Gen - (4 GB/1 TB HDD/Windows 10) 5567 Laptop,"₹31,859",4 GB DDR4 RAM,,1 Year Onsite Warranty
206,15.6 inch Display,,HP Pentium Quad Core - (4 GB/1 TB HDD/DOS) 15-BE010TU Laptop,"₹23,370",4 GB DDR3 RAM,,1 Year Onsite Warranty
207,11.6 inch Display,,RDP ThinBook Atom Quad Core 8th Gen - (2 GB/32 GB EMMC Storage/Windows 10) 1130-EC1 Laptop,"₹10,599",2 GB DDR3 RAM,,
208,14.1 inch Display,,RDP ThinBook Atom Quad Core 7th Gen - (2 GB/32 GB HDD/Windows 10 Pro) 1430P Business Laptop,"₹13,999",2 GB DDR3 RAM,,
209,11.6 inch Display,,Asus E203NAH-FD057T Celeron Dual Core 7th Gen - (4 GB/500 GB HDD/Windows 10 Home) E203NAH-FD057T Lapto...,"₹21,990",4 GB DDR3 RAM,,1 Year Global In-site Warranty
210,14 inch Display,,HP Core i3 6th Gen - (4 GB/1 TB HDD/Windows 10 Home) 14-ar005TU Laptop,"₹31,900",4 GB DDR4 RAM,,1 Year Onsite Warranty
211,13.3 inch Display,,Reach 14 Core i5 4th Gen - (8 GB/1 TB HDD/1 TB SSD/DOS) Quanto+ Laptop,"₹29,999",8 GB DDR3 RAM,,
212,10.1 inch Display,,Reach Atom Quad Core 5th Gen - (2 GB/32 GB EMMC Storage/DOS) RCN-021w Laptop,"₹8,999",2 GB DDR3 RAM,,1 Year Carry-in Warranty
213,14.1 inch Display,,RDP ThinBook Atom Quad Core 8th Gen - (2 GB/32 GB EMMC Storage/Linux) 1430-ECL Laptop,"₹11,999",2 GB DDR3 RAM,,
214,10.1 inch Display,,Reach Atom Quad Core 5th Gen - (2 GB/32 GB EMMC Storage/DOS) RCN-021 Laptop,"₹8,999",2 GB DDR3 RAM,,1 Year Carry-in Warranty
215,15.6 inch Display,,Asus Vivobook S15 Core i7 8th Gen - (8 GB/1 TB HDD/128 GB SSD/Windows 10 Home/2 GB Graphics) S510UN-BQ...,"₹76,990",8 GB DDR4 RAM,,Onsite Warranty
216,12.3 inch Touchscreen Display,,Microsoft Core M 6th Gen - (4 GB/128 GB SSD/Windows 10 Pro) Pro 4 2 in 1 Laptop,"₹53,000",4 GB DDR3 RAM,,1 Year Limited Hardware Warranty
217,14.1 inch Display,,Champion Air Atom - (2 GB/32 GB HDD/32 GB SSD/32 GB EMMC Storage/Windows 10) C114 Laptop,"₹12,999",2 GB DDR3 RAM,,
218,14 inch Display,,Reach Celeron Dual Core 5th Gen - (4 GB/500 GB HDD/DOS) RCN-025 Laptop,"₹15,499",4 GB DDR3 RAM,,1 Year Carry-in Warranty
219,11.6 inch Touchscreen Display,,HP Pavilion Pentium Quad Core - (4 GB/500 GB HDD/Windows 10 Home) 11-AB005TU 2 in 1 Laptop,"₹33,782",4 GB DDR3 RAM,,1 Year Onsite Warranty
220,14 inch Display,,Iball Netbook Atom Quad Core - (2 GB/32 GB EMMC Storage/Windows 10 Home) CompBook Exemplaire Thin and ...,"₹12,995",2 GB DDR3 RAM,,1 Year Manufacturer Warranty
221,14 inch Display,,HP G5 Core i3 5th Gen - (4 GB/1 TB HDD/DOS) 240 G5 Business Laptop,"₹30,450",4 GB DDR3 RAM,,
222,15.4 inch Display,,Apple MacBook Pro Core i7 7th Gen - (16 GB/256 GB SSD/Mac OS Sierra/2 GB Graphics) MPTR2HN/A,"₹179,900",16 GB DDR3 RAM,,1 Year Warranty
223,13.3 inch Display,,Reach RCN-025A Core i5 5th Gen - (8 GB/256 GB HDD/240 GB SSD/Windows 10/8 GB Graphics) SSD-025A Thin a...,"₹33,449",8 GB SDR RAM,,1 Year Manufacturing Warranty
224,14 inch Display,,Micromax Ignite Pentium Quad Core 4th Gen - (4 GB/1 TB HDD/Windows 10 Home) LPQ61 Laptop,"₹20,000",4 GB DDR3 RAM,,1 Year Carry in Warranty
225,12.2 inch Touchscreen Display,,Smartron Core M 5th Gen - (4 GB/128 GB SSD/Windows 10 Home) T1211 2 in 1 Laptop,"₹42,990",4 GB DDR3 RAM,,1 Year Onsite Warranty
226,15.6 inch Display,,Lenovo Series V APU Quad Core A6 6th Gen - (4 GB/1 TB HDD/DOS) V 110 Laptop,"₹21,222",4 GB DDR3 RAM,,
227,15.6 inch Display,,HP APU Quad Core A8 6th Gen - (4 GB/1 TB HDD/Windows 10 Home) 15-bg002AU Laptop,"₹27,700",4 GB DDR3 RAM,,1 Year Onsite Warranty
228,10.1 inch Touchscreen Display,,Venturer B Series Atom Quad Core 4th Gen - (2 GB/32 GB HDD/64 GB SSD/32 GB EMMC Storage/Windows 10 Hom...,"₹13,999",2 GB DDR3 RAM,,
229,10.1 inch Touchscreen Display,,Venturer Quad Atom Quad Core 2nd Gen - (2 GB/64 GB SSD/64 GB EMMC Storage/Windows 10 Home/2 GB Graphic...,"₹13,999",2 GB DDR3 RAM,,
230,10.1 inch Touchscreen Display,,Iball Atom Quad Core - (2 GB/32 GB EMMC Storage/Windows 10 Home) WQ191C 2 in 1 Laptop,"₹11,999",2 GB DDR3 RAM,,1 Year carry in Warranty
231,11.6 inch Touchscreen Display,,Micromax Canvas Laptab II (WIFI) Atom Quad Core 4th Gen - (2 GB/32 GB EMMC Storage/Windows 10 Home) LT...,"₹11,999",2 GB DDR3 RAM,,
232,15.6 inch Display,,Lenovo Ideapad 100 Core i3 5th Gen - (4 GB/500 GB HDD/DOS) IP 100- 15IBD Laptop,"₹25,790",4 GB DDR3 RAM,,1 Year On-Site Warranty
233,15.6 inch Touchscreen Display,,Dell Inspiron 7000 Core i7 6th Gen - (16 GB/1 TB HDD/128 GB SSD/Windows 10 Home/4 GB Graphics) 7559 Ga...,"₹118,440",16 GB DDR3 RAM,,
234,15.6 inch Display,,MSI P Core i7 7th Gen - (16 GB/1 TB HDD/DOS/4 GB Graphics) PE62 7RD Gaming Laptop,"₹72,990",16 GB DDR4 RAM,,1 Year Warranty
235,15.6 inch Display,,Acer TravelMate P2 Core i5 7th Gen - (8 GB/1 TB HDD/Linux/2 GB Graphics) TMP259-G2-MG Laptop,"₹42,900",8 GB DDR4 RAM,,1 Year Onsite Warranty
236,15.6 inch Display,,Lenovo Legion Core i5 7th Gen - (8 GB/1 TB HDD/128 GB SSD/Windows 10 Home/4 GB Graphics) LN Y520-15IKB...,"₹74,990",8 GB DDR4 RAM,,1 Year Onsite Warranty
237,15.6 inch Display,,HP Omen Core i5 7th Gen - (8 GB/1 TB HDD/128 GB SSD/Windows 10 Home/6 GB Graphics) 15-ce073TX Gaming L...,"₹137,098",8 GB DDR4 RAM,,1 Year Onsite Warranty
238,15.6 inch Display,,MSI CX Core i7 7th Gen - (4 GB/1 TB HDD/DOS/2 GB Graphics) CX62 7QL Laptop,"₹47,990",4 GB DDR4 RAM,,1 Year Warranty
239,15.6 inch Display,,HP Omen Core i5 7th Gen - (8 GB/1 TB HDD/128 GB SSD/Windows 10 Home/4 GB Graphics) 15-ce071TX Gaming L...,"₹102,551",8 GB DDR4 RAM,,1 Year Onsite Warranty
240,15.6 inch Display,,HP 15 APU Dual Core A9 - (4 GB/1 TB HDD/DOS/2 GB Graphics) 15-bw088AX Laptop,"₹27,990",4 GB DDR4 RAM,,1 Year Onsite Warranty
241,15.6 inch Display,,HP 15 Core i3 6th Gen - (8 GB/1 TB HDD/Windows 10 Home/2 GB Graphics) 15-BS580TX Laptop,"₹38,990",8 GB DDR4 RAM,,1 Year Onsite Warranty
242,14 inch Touchscreen Display,,Lenovo Core i5 7th Gen - (8 GB/1 TB HDD/Windows 10 Home) Yoga 520 2 in 1 Laptop,"₹61,990",8 GB DDR4 RAM,,1 Year Onsite Warranty
243,13.3 inch Touchscreen Display,,Acer Spin 5 Core i3 7th Gen - (4 GB/256 GB SSD/Windows 10 Home) SP513-51 2 in 1 Laptop,"₹49,990",4 GB DDR4 RAM,,1 Year International Travelers Warranty (ITW)
244,15.6 inch Display,,Dell Inspiron 5000 Core i5 7th Gen - (8 GB/2 TB HDD/Windows 10 Home/4 GB Graphics) 5567 Laptop,"₹65,617",8 GB DDR4 RAM,,1 Year Onsite Warranty
245,15.6 inch Display,,Acer Swift 3 Ryzen 5 Quad Core - (8 GB/1 TB HDD/Windows 10 Home) SF315-41 Laptop,"₹59,999",8 GB DDR4 RAM,,1 Year International Travelers Warranty (ITW)
246,15.6 inch Display,,Asus FX503 Core i5 7th Gen - (8 GB/1 TB HDD/Windows 10 Home/2 GB Graphics) FX503VD-DM110T Gaming Lapto...,"₹62,990",8 GB DDR4 RAM,,2 Years Onsite Warranty
247,15.6 inch Display,,Dell Inspiron 15 7000 Core i7 7th Gen - (16 GB/1 TB HDD/256 GB SSD/Windows 10 Home/6 GB Graphics) 7577...,"₹124,990",16 GB DDR4 RAM,,1 Year Onsite Warranty
248,15.6 inch Display,,MSI GL Core i7 7th Gen - (8 GB/1 TB HDD/DOS/2 GB Graphics) GL62M 7RC Gaming Laptop,"₹69,227",8 GB DDR4 RAM,,2 Years Manufacturer Warranty
249,15.6 inch Display,,MSI GL Core i7 7th Gen - (8 GB/1 TB HDD/DOS/4 GB Graphics) GL62M 7RDX Gaming Laptop,"₹79,990",8 GB DDR4 RAM,,2 Years Manufacturer Warranty
250,15.6 inch Display,,HP Imprint Core i5 8th Gen - (8 GB/1 TB HDD/DOS/2 GB Graphics) 15-bs179TX Laptop,"₹44,990",8 GB DDR4 RAM,,1 Year Onsite Warranty
251,15.6 inch Display,,MSI GL Core i7 7th Gen - (8 GB/1 TB HDD/DOS/2 GB Graphics) GL62M 7RDX-1878XIN Gaming Laptop,"₹79,257",8 GB DDR4 RAM,,2 Years Warranty
252,15.6 inch Display,,Asus ROG Strix Edition Core i7 7th Gen - (16 GB/1 TB HDD/128 GB SSD/Windows 10 Home/6 GB Graphics) GL5...,"₹139,990",16 GB DDR4 RAM,,2 Years Onsite Warranty
253,15.6 inch Touchscreen Display,,Dell Core i5 5th Gen - (8 GB/1 TB HDD/Windows 10 Home/4 GB Graphics) 7548 Laptop,"₹69,500",8 GB DDR3 RAM,,1 Year Onsite Warranty
254,15.6 inch Display,,Lenovo Core i7 7th Gen - (8 GB/1 TB HDD/Windows 10 Home/4 GB Graphics) IP 520 Laptop,"₹54,990",8 GB DDR4 RAM,,1 Year Onsite Warranty
255,15.6 inch Display,,Dell Inspiron Core i3 6th Gen - (4 GB/1 TB HDD/DOS) 3567 Laptop,"₹29,990",4 GB DDR4 RAM,,1 Year Dell Manufacture Warranty
256,15.6 inch Display,,Dell Inspiron 15 3000 Core i3 6th Gen - (4 GB/1 TB HDD/Windows 10 Home) 3567 Laptop,"₹32,990",4 GB DDR4 RAM,,1 Year Onsite Warranty
257,11.6 inch Touchscreen Display,,Acer Spin 1 Pentium Quad Core - (4 GB/500 GB HDD/Windows 10 Home) SP111-31 2 in 1 Laptop,"₹29,999",4 GB DDR3 RAM,,1 Year International Travelers Warranty (ITW)
258,15.6 inch Display,,Dell Inspiron Core i3 6th Gen - (4 GB/1 TB HDD/Linux) 5559 Laptop,"₹29,990",4 GB DDR3 RAM,,1 Year Limited Hardware Warranty
259,15.6 inch Display,,HP Core i7 7th Gen - (8 GB/1 TB HDD/Windows 10 Home/4 GB Graphics) 15-AU628TX Laptop,"₹62,990",8 GB DDR4 RAM,,1 Year Onsite Warranty
260,15.6 inch Display,,Dell Inspiron 7000 Core i5 7th Gen - (8 GB/1 TB HDD/Windows 10 Home/4 GB Graphics) 7560 Laptop,"₹70,716",8 GB DDR4 RAM,,
261,15.6 inch Display,,Lenovo Legion Core i7 7th Gen - (16 GB/1 TB HDD/128 GB SSD/Windows 10 Home/4 GB Graphics) Y520 Gaming ...,"₹104,990",16 GB DDR4 RAM,,1 Year Onsite Warranty
262,15.6 inch Display,,Lenovo Ideapad 310 Core i5 7th Gen - (4 GB/1 TB HDD/Windows 10 Home/2 GB Graphics) IP 310-15IKB Laptop,"₹45,190",4 GB DDR4 RAM,,1 Year Onsite Warranty
263,12 inch Touchscreen Display,,HP Core M 6th Gen - (4 GB/128 GB SSD/Windows 10 Pro) X2 2 in 1 Laptop,"₹69,855",4 GB DDR3 RAM,,1 Year Onsite Warranty
264,15.6 inch Display,,Lenovo 310 Core i5 6th Gen - (8 GB/1 TB HDD/DOS/2 GB Graphics) IP 310 Laptop,"₹44,490",8 GB DDR4 RAM,,1 Year Onsite Warranty
265,15.6 inch Display,,HP 15 Core i3 6th Gen - (4 GB/1 TB HDD/DOS/2 GB Graphics) 15q-BU008TX Laptop,"₹32,290",4 GB DDR4 RAM,,1 Year Onsite Warranty
266,15.6 inch Display,,Dell Vostro 15 3000 Core i5 7th Gen - (8 GB/1 TB HDD/Linux) 3568 Laptop,"₹38,990",8 GB DDR4 RAM,,1 Year Onsite Warranty
267,15.6 inch Display,,Asus FX503 Core i7 7th Gen - (8 GB/1 TB HDD/128 GB SSD/Windows 10 Home/4 GB Graphics) FX503VD-DM112T G...,"₹79,990",8 GB DDR4 RAM,,2 Years Onsite Warranty
268,15.6 inch Display,,HP 15 APU Dual Core A6 - (4 GB/500 GB HDD/Windows 10 Home) 15q-BY003AU Laptop,"₹22,490",4 GB DDR4 RAM,,1 Year Onsite Warranty
269,15.6 inch Display,,MSI CX Series Core i5 7th Gen - (4 GB/1 TB HDD/DOS/2 GB Graphics) CX62 7QL-239XIN Laptop,"₹44,990",4 GB DDR4 RAM,,1 Year Carry In Warranty
270,15.6 inch Display,,HP Pavilion Core i5 8th Gen - (8 GB/1 TB HDD/8 GB SSD/Windows 10 Home/2 GB Graphics) 15-CC130TX Laptop,"₹58,990",8 GB DDR4 RAM,,1 Year Onsite Warranty
271,15.6 inch Display,,Dell Inspiron 7000 Core i5 6th Gen - (8 GB/1 TB HDD/8 GB SSD/Windows 10 Home/4 GB Graphics) 7559 Gamin...,"₹88,768",8 GB DDR3 RAM,,
272,15.6 inch Display,,Dell Vostro 15 3000 Pentium Dual Core - (4 GB/1 TB HDD/Linux) 3568 Laptop,"₹22,990",4 GB DDR4 RAM,,1 Year Onsite Warranty
273,15.6 inch Display,,Asus Core i7 7th Gen - (8 GB/1 TB HDD/128 GB SSD/Windows 10/4 GB Graphics) FX553VD-DM1032T Gaming Lapt...,"₹87,990",8 GB DDR4 RAM,,1 Year Onsite Warranty
274,15.6 inch Display,,Lenovo Core i5 7th Gen - (8 GB/1 TB HDD/Windows 10 Home/4 GB Graphics) IP 520 Laptop,"₹56,990",8 GB DDR4 RAM,,1 Year Onsite Warranty
275,15.6 inch Display,,Dell Inspiron Core i5 7th Gen - (8 GB/1 TB HDD/Windows 10 Home/4 GB Graphics) 7567 Gaming Laptop,"₹74,990",8 GB DDR4 RAM,,
276,15.6 inch Display,,HP Omen Core i5 7th Gen - (8 GB/1 TB HDD/128 GB SSD/Windows 10 Home/6 GB Graphics) 15-ce073TX Gaming L...,"₹137,098",8 GB DDR4 RAM,,1 Year Onsite Warranty
277,15.6 inch Display,,HP Omen Core i7 7th Gen - (16 GB/1 TB HDD/128 GB SSD/Windows 10 Home/4 GB Graphics) 15-ce072TX Gaming ...,"₹119,990",16 GB DDR4 RAM,,1 Year Onsite Warranty
278,15.6 inch Display,,Acer Predator Helios 300 Core i5 7th Gen - (16 GB/1 TB HDD/128 GB SSD/Windows 10 Home/6 GB Graphics) G...,"₹99,990",16 GB DDR4 RAM,,1 Year International Travelers Warranty (ITW)
279,14 inch Touchscreen Display,,Acer Spin 7 Core i7 7th Gen - (8 GB/256 GB SSD/Windows 10 Home) SP714-51 Laptop,"₹124,900",8 GB DDR3 RAM,,1 Year Onsite Warranty
280,15.6 inch Display,,MSI GL Core i7 7th Gen - (8 GB/1 TB HDD/Windows 10 Home/4 GB Graphics) GL62 7RDX Gaming Laptop,"₹95,990",8 GB DDR4 RAM,,2 Years Warranty
281,15.6 inch Display,,HP 15 APU Quad Core A12 - (4 GB/1 TB HDD/Windows 10 Home/2 GB Graphics) 15-bw091AX Laptop,"₹36,990",4 GB DDR4 RAM,,1 Year Onsite Warranty
282,15.6 inch Display,,Asus Core i3 6th Gen - (4 GB/1 TB HDD/Windows 10 Home) X541UA-DM1233T Laptop,"₹34,699",4 GB DDR4 RAM,,1 Year Onsite Warranty
283,15.6 inch Display,,Dell Inspiron 15 7000 Core i5 8th Gen - (8 GB/1 TB HDD/128 GB SSD/Windows 10 Home/4 GB Graphics) 7570 ...,"₹74,990",8 GB DDR4 RAM,,1 Year Onsite Warranty
284,15.6 inch Display,,Dell Inspiron 15 5000 Core i5 8th Gen - (8 GB/1 TB HDD/Windows 10 Home/2 GB Graphics) 5570 Laptop,"₹57,990",8 GB DDR4 RAM,,1 Year Onsite Warranty
285,15.6 inch Display,,Asus ROG Core i7 7th Gen - (8 GB/1 TB HDD/256 GB SSD/Windows 10 Home/6 GB Graphics) GL502VM-FY230T Gam...,"₹119,990",8 GB DDR4 RAM,,1 Year Onsite Warranty
286,14 inch Display,,Asus ZenBook Core i5 8th Gen - (8 GB/512 GB SSD/Windows 10 Home) UX430UA-GV303T Thin and Light Laptop,"₹79,990",8 GB DDR3 RAM,,2 Years Onsite Warranty
287,15.6 inch Display,No Cost EMI,Acer Aspire E E1-570G Notebook (3rd Gen Ci3/ 4GB/ 1TB/ Win8.1/ 2GB Graph) (NX.MESSI.005),"₹39,990",4 GB DDR3 RAM,,1 Year Carry-in Warranty
288,15.6 inch Touchscreen Display,,Acer Nitro 5 Spin Core i5 8th Gen - (8 GB/1 TB HDD/Windows 10 Home/4 GB Graphics) NP515-51 Laptop,"₹79,990",8 GB DDR4 RAM,,1 Year International Travelers Warranty (ITW)
289,14 inch Display,,Dell Vostro 14 5000 Core i5 8th Gen - (8 GB/1 TB HDD/128 GB SSD/Windows 10 Home/4 GB Graphics) 5471 La...,"₹72,106",8 GB DDR4 RAM,,1 Year Onsite Warranty
290,15.6 inch Display,,Lenovo B50-70 Notebook (4th Gen Ci5/ 8GB/ 1TB/ Win8/ 2GB Graph) (59-427747),"₹52,490",8 GB DDR3 RAM,,"Please Register your Warranty: http://support.lenovo.com/us/en/contactus/basewarrantyregistration, 1 Year Warranty Warranty to be Registered within 30 Days from the Date of Purchase"
291,14 inch Display,,Asus ZenBook Core i5 8th Gen - (8 GB/256 GB SSD/Windows 10 Home) UX430UA-GV334T Thin and Light Laptop,"₹71,490",8 GB DDR3 RAM,,2 Years Onsite Warranty
292,15.6 inch Display,,HP 15 Celeron Dual Core - (4 GB/1 TB HDD/DOS) 15-BS614TU Laptop,"₹23,244",4 GB DDR3 RAM,,1 Year Onsite Warranty
293,15.6 inch Display,,Asus VivoBook APU Dual Core A9 - (4 GB/500 GB HDD/Windows 10 Home) X542BA-GQ024T Laptop,"₹23,490",4 GB DDR4 RAM,,1 Year Onsite Warranty
294,15.6 inch Display,,Lenovo Legion Core i7 7th Gen - (8 GB/1 TB HDD/128 GB SSD/Windows 10 Home/4 GB Graphics) Y520 Gaming L...,"₹92,990",8 GB DDR4 RAM,,1 Year Onsite Warranty
295,15.6 inch Display,,HP Pavilion Power Core i5 7th Gen - (8 GB/1 TB HDD/128 GB SSD/Windows 10 Home/4 GB Graphics) 15-cb053T...,"₹80,990",8 GB DDR4 RAM,,1 Year Onsite Warranty
296,15.6 inch Display,,HP Omen 15 Core i7 7th Gen - (8 GB/1 TB HDD/128 GB SSD/Windows 10 Home/4 GB Graphics) 15-ce089TX Gamin...,"₹101,490",8 GB DDR4 RAM,,1 Year Onsite Warranty
297,15.6 inch Display,,Dell Inspiron 7000 Core i7 7th Gen - (8 GB/1 TB HDD/128 GB SSD/Windows 10 Home/4 GB Graphics) 7560 Lap...,"₹74,990",8 GB DDR4 RAM,,
298,15.6 inch Display,,Acer Aspire Pentium Quad Core - (4 GB/1 TB HDD/Linux) ES1-533 Laptop,"₹24,780",4 GB DDR3 RAM,,1 Year International Travelers Warranty (ITW)
299,14 inch Display,,Lenovo Ideapad Core i5 7th Gen - (8 GB/1 TB HDD/Windows 10 Home/2 GB Graphics) IP 320S-14IKB Laptop,"₹56,063",8 GB DDR4 RAM,,1 Year Onsite Warranty
300,14 inch Display,,Asus EeeBook Celeron Dual Core - (2 GB/32 GB EMMC Storage/Windows 10 Home) E402NA-GA022T Laptop,"₹14,490",2 GB DDR3 RAM,,1 Year Onsite Warranty
301,15.6 inch Display,,Asus ROG Core i7 7th Gen - (8 GB/1 TB HDD/Windows 10 Home/4 GB Graphics) GL553VD-FY103T Gaming Laptop,"₹107,990",8 GB DDR4 RAM,,2 Years Onsite Warranty
302,15.6 inch Display,,Acer Aspire F15 Core i5 7th Gen - (8 GB/2 TB HDD/Windows 10 Home/4 GB Graphics) F5-573 / F5-573G Lapto...,"₹63,999",8 GB DDR4 RAM,,1 Year International Travelers Warranty (ITW)
303,15.6 inch Display,,Dell Vostro 15 3000 Core i3 6th Gen - (4 GB/1 TB HDD/Linux) 3568 Laptop,"₹26,990",4 GB DDR4 RAM,,1 Year Onsite Warranty
304,10.1 inch Touchscreen Display,,Lenovo Yoga Book Atom Quad Core - (4 GB/64 GB EMMC Storage/Windows 10 Home) yb1-x91l 2 in 1 Laptop,"₹50,000",4 GB DDR3 RAM,,
305,15.6 inch Display,,HP Pavilion Power Core i7 7th Gen - (8 GB/1 TB HDD/128 GB SSD/Windows 10 Home/4 GB Graphics) 15-cb052T...,"₹95,257",8 GB DDR4 RAM,,1 Year Onsite Warranty
306,15.6 inch Display,,Asus Core i3 6th Gen - (6 GB/1 TB HDD/Windows 10 Home) X540UA-GQ284T Laptop,"₹30,990",6 GB DDR4 RAM,,1 Year Global Onsite Warranty
307,15.6 inch Display,,HP 15 Core i5 7th Gen - (8 GB/1 TB HDD/Windows 10 Home/2 GB Graphics) 15q-BU012TX Laptop,"₹46,990",8 GB DDR4 RAM,,1 Year Onsite Warranty
308,15.6 inch Display,,HP 15 APU Quad Core A12 - (8 GB/1 TB HDD/Windows 10 Home/2 GB Graphics) 15-bw090AX Laptop,"₹39,490",8 GB DDR4 RAM,,1 Year Onsite Warranty
309,15.6 inch Touchscreen Display,,Acer Spin 3 Core i3 6th Gen - (4 GB/500 GB HDD/Windows 10 Home) SP315-51 2 in 1 Laptop,"₹42,999",4 GB DDR4 RAM,,1 Year International Travelers Warranty (ITW)
310,11.6 inch Touchscreen Display,,Acer Spin 1 Pentium Quad Core - (4 GB/500 GB HDD/Windows 10 Home) SP111-31 2 in 1 Laptop,"₹27,990",4 GB DDR3 RAM,,1 Year International Travelers Warranty (ITW)
311,15.6 inch Display,,Asus ROG Strix Edition Core i7 7th Gen - (8 GB/1 TB HDD/128 GB SSD/Windows 10 Home/4 GB Graphics) GL50...,"₹92,990",8 GB DDR4 RAM,,2 Years Onsite Warranty
312,15.6 inch Display,,Asus FX503 Core i5 7th Gen - (8 GB/1 TB HDD/128 GB SSD/Windows 10 Home/4 GB Graphics) FX503VD-DM108T G...,"₹69,990",8 GB DDR4 RAM,,2 Years Onsite Warranty
313,15.6 inch Display,,HP Omen Core i5 7th Gen - (8 GB/1 TB HDD/Windows 10 Home/2 GB Graphics) 15-ce070TX Gaming Laptop,"₹74,290",8 GB DDR4 RAM,,1 Year Onsite Warranty
314,15.6 inch Display,,Acer Aspire 5 Core i5 8th Gen - (4 GB/1 TB HDD/Windows 10 Home) A515-51G Laptop,"₹42,999",4 GB DDR4 RAM,,1 Year International Travelers Warranty (ITW)
315,14 inch Display,,Asus VivoBook S14 Core i7 8th Gen - (8 GB/1 TB HDD/256 GB SSD/Windows 10 Home) S410UA-EB367T Thin and ...,"₹72,990",8 GB DDR4 RAM,,2 Years Global Onsite Warranty
316,15.6 inch Display,,Lenovo Core i5 7th Gen - (8 GB/1 TB HDD/Windows 10 Home/2 GB Graphics) IP 520 Laptop,"₹54,990",8 GB DDR4 RAM,,1 Year Onsite Warranty
317,15.6 inch Display,,Lenovo Core i5 7th Gen - (8 GB/1 TB HDD/Windows 10 Home/2 GB Graphics) Ideapad 510 Laptop,"₹57,309",8 GB DDR4 RAM,,1 Year Onsite Warranty
318,15.6 inch Display,,Acer Swift 3 Core i5 8th Gen - (8 GB/1 TB HDD/128 GB SSD/Windows 10 Home/2 GB Graphics) SF315-51G Lapt...,"₹64,990",8 GB DDR4 RAM,,1 Year International Travelers Warranty (ITW)
319,13.3 inch Touchscreen Display,,Dell Inspiron 13 5000 Core i5 8th Gen - (8 GB/1 TB HDD/Windows 10 Home) 5379 2 in 1 Laptop,"₹69,608",8 GB DDR4 RAM,,1 Year Onsite Warranty
320,13.3 inch Touchscreen Display,,Lenovo Core i7 6th Gen - (8 GB/512 GB SSD/Windows 10 Home) Yoga 900 2 in 1 Laptop,"₹99,990",8 GB DDR3 RAM,,3 Years Onsite Warranty
321,15.6 inch Touchscreen Display,,Dell Inspiron Core i7 6th Gen - (16 GB/1 TB HDD/128 GB SSD/Windows 10 Home/4 GB Graphics) 7559 Gaming ...,"₹99,990",16 GB DDR3 RAM,,"1 Year Limited Hardware Warranty, In Home Service After Remote Diagnosis Retail"
322,15.6 inch Touchscreen Display,,Acer Spin 3 Core i3 6th Gen - (4 GB/1 TB HDD/Windows 10 Home) SP315-51 2 in 1 Laptop,"₹43,990",4 GB DDR4 RAM,,1 Year International Travelers Warranty (ITW)
323,15.6 inch Display,,HP Core i7 7th Gen - (8 GB/1 TB HDD/Windows 10 Home/4 GB Graphics) 15-au118TX Laptop,"₹73,392",8 GB DDR4 RAM,,1 Year Onsite Warranty on Parts and Labour
324,14 inch Touchscreen Display,,Lenovo Core i5 7th Gen - (8 GB/1 TB HDD/Windows 10 Home/2 GB Graphics) Yoga 510 2 in 1 Laptop,"₹59,089",8 GB DDR4 RAM,,1 Year Onsite Warranty
325,15.6 inch Display,,Acer Nitro 5 Core i7 7th Gen - (8 GB/1 TB HDD/Windows 10 Home/2 GB Graphics) AN515-51 Gaming Laptop,"₹64,990",8 GB DDR4 RAM,,1 Year International Travelers Warranty (ITW)
326,15.6 inch Display,,HP Imprint Core i5 7th Gen - (8 GB/1 TB HDD/DOS/2 GB Graphics) 15q-BU011TX Laptop,"₹42,990",8 GB DDR4 RAM,,1 Year Onsite Warranty
327,15.6 inch Display,,MSI GL Core i7 7th Gen - (8 GB/1 TB HDD/Windows 10 Home/4 GB Graphics) GL62 7RD Gaming Laptop,"₹94,990",8 GB DDR4 RAM,,2 Years Warranty
328,14 inch Touchscreen Display,,HP x360 Core i5 7th Gen - (8 GB/1 TB HDD/8 GB SSD/Windows 10 Home/2 GB Graphics) 14-ba073TX 2 in 1 Lap...,"₹72,990",8 GB DDR4 RAM,,1 Year Onsite Warranty
329,15.6 inch Display,,Acer Aspire VX Core i7 7th Gen - (8 GB/1 TB HDD/128 GB SSD/Windows 10 Home/4 GB Graphics) VX 15 Gaming...,"₹87,999",8 GB DDR4 RAM,,1 Year Onsite Warranty
330,14 inch Touchscreen Display,,Acer Spin 7 Core i7 7th Gen - (8 GB/256 GB SSD/Windows 10 Home) SP714-51 Laptop,"₹124,900",8 GB DDR3 RAM,,1 Year Onsite Warranty
331,15.6 inch Display,,Acer TravelMate P2 Core i5 7th Gen - (8 GB/1 TB HDD/Linux/2 GB Graphics) TMP259-G2-MG Laptop,"₹42,900",8 GB DDR4 RAM,,1 Year Onsite Warranty
332,13.3 inch Touchscreen Display,,Dell Inspiron 5000 Core i5 7th Gen - (8 GB/1 TB HDD/Windows 10 Home) 5378 2 in 1 Laptop,"₹67,994",8 GB DDR4 RAM,,1 Year Limited Hardware Warranty
333,15.6 inch Display,,Asus FX553 Core i7 7th Gen - (8 GB/1 TB HDD/Windows 10 Home/4 GB Graphics) FX553VD-DM013T Gaming Lapto...,"₹74,990",8 GB DDR4 RAM,,2 Year Onsite Warranty
334,15.6 inch Display,,Acer Swift 3 Core i5 8th Gen - (8 GB/1 TB HDD/128 GB SSD/Linux/2 GB Graphics) SF315-51G Laptop,"₹60,990",8 GB DDR4 RAM,,1 Year International Travelers Warranty (ITW)
335,13.3 inch Display,,Lenovo Core i7 7th Gen - (8 GB/256 GB SSD/Windows 10 Home) IP 720S Thin and Light Laptop,"₹82,990",8 GB DDR4 RAM,,1 Year Onsite Warranty
336,15.6 inch Display,,Acer Swift 3 Core i5 8th Gen - (8 GB/1 TB HDD/128 GB SSD/Linux/2 GB Graphics) SF315-51G Laptop,"₹60,990",8 GB DDR4 RAM,,1 Year International Travelers Warranty (ITW)
337,15.6 inch Display,,HP Core i7 7th Gen - (8 GB/1 TB HDD/Windows 10 Home/4 GB Graphics) 15-AU628TX Laptop,"₹62,990",8 GB DDR4 RAM,,1 Year Onsite Warranty
338,15.6 inch Display,,HP 15 APU Quad Core A12 - (8 GB/1 TB HDD/Windows 10 Home/2 GB Graphics) 15-bw090AX Laptop,"₹39,490",8 GB DDR4 RAM,,1 Year Onsite Warranty
339,14 inch Display,,HP 14 Core i3 6th Gen - (4 GB/1 TB HDD/Windows 10 Home) 14-BS701TU Laptop,"₹30,490",4 GB DDR4 RAM,,1 Year Onsite Warranty
340,15.6 inch Display,,HP Core i3 6th Gen - (4 GB/1 TB HDD/Windows 10 Home) 15-ay543TU Laptop,"₹32,990",4 GB DDR4 RAM,,1 Year Onsite Warranty
341,15.6 inch Display,,HP i3 Core i3 6th Gen - (4 GB/1 TB HDD/DOS) BU003TU Laptop,"₹27,953",4 GB DDR4 RAM,,1 Year Manufacturer Warranty
342,15.6 inch Display,,HP Imprint Core i3 6th Gen - (4 GB/1 TB HDD/DOS) 15-BS542TU Laptop,"₹28,390",4 GB DDR4 RAM,,1 Year Onsite Warranty
343,15.6 inch Display,,HP Pentium Quad Core - (4 GB/1 TB HDD/DOS) 15-ay085tu Laptop,"₹22,819",4 GB DDR3 RAM,,1 Year Onsite Warranty
344,15.6 inch Display,,HP 15 Core i3 6th Gen - (4 GB/1 TB HDD/Windows 10 Home/2 GB Graphics) 15-bs652TX Laptop,"₹35,990",4 GB DDR4 RAM,,1 Year Onsite Warranty
345,15.6 inch Display,,HP AMD APU Dual Core A6 7th Gen - (4 GB/1 TB HDD/DOS) bw096au Laptop,"₹21,819",4 GB DDR4 RAM,,1 Year Manufacturer Warranty
346,15.6 inch Display,,HP Imprint Pentium Quad Core - (4 GB/1 TB HDD/DOS) 15-BS545TU Laptop,"₹23,490",4 GB DDR3 RAM,,1 Year Onsite Warranty
347,15.6 inch Display,,HP 15 Core i3 6th Gen - (4 GB/1 TB HDD/Windows 10 Home) 15-BS637TU Laptop,"₹34,990",4 GB DDR4 RAM,,1 Year Onsite Warranty
348,13.3 inch Touchscreen Display,,HP Spectre x360 Core i5 8th Gen - (8 GB/360 GB SSD/Windows 10 Pro) 13-ae502TU 2 in 1 Laptop,"₹114,990",8 GB DDR3 RAM,,1 Year Onsite Warranty
349,15.6 inch Display,,HP Pavilion Core i5 8th Gen - (8 GB/2 TB HDD/Windows 10 Home/4 GB Graphics) 15-CC132TX Laptop,"₹65,540",8 GB DDR4 RAM,,1 Year Onsite Warranty
350,15.6 inch Display,,HP Pavilion Core i7 8th Gen - (8 GB/2 TB HDD/Windows 10 Home/4 GB Graphics) 15-CC134TX Laptop,"₹73,475",8 GB DDR4 RAM,,1 Year Onsite Warranty
351,15.6 inch Display,,HP Pavilion Power Core i5 7th Gen - (8 GB/1 TB HDD/Windows 10 Home/4 GB Graphics) 15-cb518TX Gaming La...,"₹78,290",8 GB DDR4 RAM,,1 Year Onsite Warranty
352,14 inch Display,,HP Core i5 6th Gen - (4 GB/500 GB HDD/DOS) 240 G5 Laptop,"₹40,000",4 GB DDR4 RAM,,1 Year Onsite Warranty
353,15.6 inch Display,,Asus Vivobook Max Core i3 7th Gen - (4 GB/1 TB HDD/Windows 10 Home/2 GB Graphics) A541UV-DM977T Laptop,"₹34,975",4 GB DDR2 RAM,,2 Years Global Manufacturing Warranty
354,15.6 inch Touchscreen Display,,Dell Inspiron 5000 Core i7 7th Gen - (8 GB/1 TB HDD/Windows 10 Home) 5578 2 in 1 Laptop,"₹78,990",8 GB DDR4 RAM,,
355,15.6 inch Display,,HP Pavilion Core i5 8th Gen - (8 GB/1 TB HDD/8 GB SSD/Windows 10 Home/2 GB Graphics) 15-CC129TX Laptop,"₹60,850",8 GB DDR4 RAM,,1 Year Onsite Warranty
356,15.6 inch Display,,HP Core i3 6th Gen - (8 GB/1 TB HDD/DOS) BS544TU Laptop,"₹30,990",8 GB DDR4 RAM,,1 Year Manufacturer Warranty
357,15.6 inch Display,,Asus VivoBook S15 Core i7 8th Gen - (16 GB/1 TB HDD/128 GB SSD/Windows 10 Home/2 GB Graphics) S510UN-B...,"₹81,950",16 GB DDR4 RAM,,2 Years Onsite Warranty
358,15.6 inch Display,,Acer Aspire F5 Core i7 6th Gen - (8 GB/1 TB HDD/Windows 10 Home/2 GB Graphics) F5-572G Laptop,"₹53,990",8 GB DDR3 RAM,,1 Year Onsite Warranty
359,15.6 inch Display,,Dell 3000 APU Quad Core E2 6th Gen - (4 GB/500 GB HDD/Windows 10 Home) 3555 Laptop,"₹25,400",4 GB DDR3 RAM,,1 Year Onsite Warranty
360,12 inch Touchscreen Display,,Acer Core i3 6th Gen - (4 GB/128 GB SSD/Windows 10 Home) SA5-271-35BE 2 in 1 Laptop,"₹50,980",4 GB DDR3 RAM,,1 Year Onsite Warranty
361,15.6 inch Display,,Asus R558UQ Core i5 7th Gen - (4 GB/1 TB HDD/DOS/2 GB Graphics) DM513D Laptop,"₹42,700",4 GB DDR4 RAM,,2 Years Global Manufacturing Warranty
362,15.6 inch Display,,Asus R558UQ Core i5 7th Gen - (4 GB/1 TB HDD/DOS/2 GB Graphics) DM539D Laptop,"₹41,400",4 GB DDR4 RAM,,2 Years Global Manufacturing Warranty
363,13.3 inch Touchscreen Display,,Dell Core i5 6th Gen - (8 GB/256 GB SSD/Windows 10 Home) XPS 13 Thin and Light Laptop,"₹88,990",8 GB DDR3 RAM,,
364,15.6 inch Display,,Asus Vivobook Max Core i3 7th Gen - (4 GB/1 TB HDD/Windows 10) X541UA-DM1358T Laptop,"₹32,499",4 GB DDR4 RAM,,1 Years Global Manufacturing Warranty
365,15.6 inch Display,,Acer Nitro 5 Core i5 7th Gen - (8 GB/1 TB HDD/Windows 10 Home/4 GB Graphics) AN515-51 Gaming Laptop,"₹75,999",8 GB DDR4 RAM,,1 Year International Travelers Warranty (ITW)
366,15.6 inch Display,,Lenovo Ideapad 310 Core i5 7th Gen - (4 GB/1 TB HDD/Windows 10 Home/2 GB Graphics) IP 310-15IKB Laptop,"₹47,500",4 GB DDR4 RAM,,1 Year Onsite Warranty
367,15.6 inch Display,,Asus VivoBook S15 Core i7 8th Gen - (8 GB/1 TB HDD/Windows 10 Home/2 GB Graphics) S510UN-BQ052T Laptop,"₹67,400",8 GB DDR4 RAM,,2 Years Onsite Warranty
368,15.6 inch Display,,Asus FX553 Core i7 7th Gen - (8 GB/1 TB HDD/Windows 10/4 GB Graphics) FX553VE-DM318T Gaming Laptop,"₹77,360",8 GB DDR4 RAM,,2 Years Onsite Warranty
369,15.6 inch Display,,HP Core i5 7th Gen - (8 GB/1 TB HDD/DOS/2 GB Graphics) 2EY73PA Laptop,"₹42,990",8 GB DDR4 RAM,,1 Year Onsite Warranty
370,14 inch Display,,Dell Latitude Core i3 5th Gen - (4 GB/500 GB HDD/Ubuntu) Core 13 3460 Laptop,"₹27,990",4 GB DDR3 RAM,,
371,15.6 inch Display,,HP NOTEBOOK Core i5 8th Gen - (4 GB/1 TB HDD/Windows 10 Home) 3FQ20PA#ACJ Laptop,"₹41,651",4 GB DDR4 RAM,,
372,14 inch Touchscreen Display,,Lenovo Core i5 5th Gen - (4 GB/500 GB HDD/Windows 8.1) 500 2 in 1 Laptop,"₹54,000",4 GB DDR3 RAM,,1 Year Onsite Warranty
373,15.6 inch Display,,Acer Nitro 5 Core i7 7th Gen - (16 GB/1 TB HDD/128 GB SSD/Windows 10 Home/4 GB Graphics) AN515-51 Gami...,"₹92,999",16 GB DDR4 RAM,,1 Year International Travelers Warranty (ITW)
374,15.6 inch Display,,Lenovo V series Core i3 6th Gen - (4 GB/1 TB HDD/DOS) v110 Laptop,"₹28,490",4 GB DDR4 RAM,,
375,14 inch Display,,HP Core i5 7th Gen - (8 GB/1 TB HDD/DOS) 348 G4 Laptop,"₹47,260",8 GB DDR4 RAM,,1 Year Onsite Warranty
376,15.6 inch Display,,HP Core i3 6th Gen - (4 GB/1 TB HDD/DOS) 15-ay542TU Laptop,"₹28,499",4 GB DDR4 RAM,,1 Year Onsite Warranty
377,15.6 inch Display,,HP A Series APU Quad Core A6 - (4 GB/500 GB HDD/Windows 10 Home) bg007AU Laptop,"₹23,819",4 GB DDR3 RAM,,1 Year Manufacturer Warranty
378,15.6 inch Display,,Asus ROG Core i7 7th Gen - (8 GB/1 TB HDD/Windows 10 Home/4 GB Graphics) GL553VE-FY047T Gaming Laptop,"₹85,980",8 GB DDR4 RAM,,2 Years Onsite Warranty
379,15.6 inch Display,,Dell Inspiron Core i3 5th Gen - (4 GB/1 TB HDD/Windows 10 Home) 3558 Laptop,"₹34,000",4 GB DDR3 RAM,,1 Year Onsite Warranty
380,14 inch Display,,HP G APU Quad Core E2 - (4 GB/500 GB HDD/DOS) 245 Laptop,"₹19,500",4 GB DDR3 RAM,,
381,15.6 inch Display,,HP Core i5 6th Gen - (4 GB/1 TB HDD/DOS) 15-ay084tu Laptop,"₹38,490",4 GB DDR4 RAM,,1 Year Onsite Warranty
382,11.6 inch Touchscreen Display,,HP Pavilion x360 Core i3 7th Gen - (4 GB/1 TB HDD/Windows 10 Home) 11-ad022TU 2 in 1 Laptop,"₹42,490",4 GB DDR4 RAM,,1 Year Onsite Warranty
383,15.6 inch Display,,Dell Inspiron Core i3 6th Gen - (4 GB/1 TB HDD/DOS) 3567 Laptop,"₹28,915",4 GB DDR4 RAM,,1 Year Dell Manufacture Warranty
384,15.6 inch Display,,Asus ROG Strix Hero Edition Core i7 7th Gen - (16 GB/1 TB HDD/256 GB SSD/Windows 10 Home/6 GB Graphics...,"₹147,990",16 GB DDR4 RAM,,2 Years Onsite Warranty
385,14 inch Display,No Cost EMI,HP ProBook Core i5 7th Gen - (4 GB/500 GB HDD/DOS) 440 Laptop,"₹58,485",4 GB DDR4 RAM,,3 Years Onsite Warranty
386,15.6 inch Display,,Asus X SERIES Core i3 6th Gen - (4 GB/1 TB HDD/DOS/4 GB Graphics) X541UA-DM1295D Laptop,"₹29,139",4 GB DDR3 RAM,,
387,11.6 inch Touchscreen Display,,HP Pavilion x360 Core i3 7th Gen - (4 GB/1 TB HDD/Windows 10 Home) 11-AD031TU 2 in 1 Laptop,"₹42,490",4 GB DDR4 RAM,,1 Year Onsite Warranty
388,15.6 inch Display,,Lenovo Y Series Core i7 6th Gen - (16 GB/1 TB HDD/128 GB SSD/Windows 10 Home/4 GB Graphics) Y700-15ISK...,"₹89,999",16 GB DDR4 RAM,,
389,14 inch Touchscreen Display,,HP x360 Core i3 7th Gen - (4 GB/1 TB HDD/8 GB SSD/Windows 10 Home/2 GB Graphics) 14-ba075TX 2 in 1 Lap...,"₹48,999",4 GB DDR4 RAM,,1 Year Onsite Warranty
390,15.6 inch Display,,Dell Inspiron 5000 Core i5 6th Gen - (8 GB/1 TB HDD/Windows 10 Home/2 GB Graphics) 5559 Laptop,"₹54,895",8 GB DDR3 RAM,,1 Year Limited Hardware Warranty
391,15.6 inch Display,,Asus X SERIES Core i3 6th Gen - (4 GB/1 TB HDD/DOS) X541UA-DM883D Laptop,"₹26,499",4 GB DDR4 RAM,,1 Year Asus Global On-site Warranty
392,15.6 inch Display,,Lenovo Core i5 7th Gen - (8 GB/1 TB HDD/Windows 10 Home/4 GB Graphics) 510 Laptop,"₹67,490",8 GB DDR4 RAM,,1 Year Onsite Warranty
393,15.6 inch Display,,Asus X Series Core i3 7th Gen - (4 GB/1 TB HDD/DOS) X541UA-DM1232D Laptop,"₹27,390",4 GB DDR4 RAM,,1 Year Global Onsite Warranty
394,15.6 inch Touchscreen Display,,Dell Inspiron 5000 Core i5 7th Gen - (8 GB/1 TB HDD/Windows 10 Home) 5578 2 in 1 Laptop,"₹72,990",8 GB DDR4 RAM,,
395,14 inch Display,,Asus ZenBook Core i5 8th Gen - (8 GB/512 GB SSD/Windows 10 Home/2 GB Graphics) UX430UN-GV022T Thin and...,"₹85,900",8 GB DDR3 RAM,,2 Years Onsite Warranty
396,15.6 inch Display,,Acer Aspire Core i5 6th Gen - (4 GB/1 TB HDD/Windows 10 Home/2 GB Graphics) E5-575G Laptop,"₹43,200",4 GB DDR4 RAM,,1 Year International Travelers Warranty (ITW)
397,14 inch Display,,Asus UX430UQ Core i7 7th Gen - (8 GB/512 GB SSD/Windows 10 Home/2 GB Graphics) UX430UQ-GV151T Thin and...,"₹92,900",8 GB DDR4 RAM,,2 Year Global In-site Warranty
398,15.6 inch Display,,Lenovo Ideapad 320 Core i3 6th Gen - (4 GB/1 TB HDD/DOS/512 MB Graphics) Ideapad 320 Laptop,"₹28,990",4 GB DDR4 RAM,,
399,15.6 inch Display,,Asus X Series Core i3 7th Gen - (4 GB/1 TB HDD/Windows 10 Home) X510UA-EJ796T Laptop,"₹34,900",4 GB DDR4 RAM,,1 Year Onsite Warranty
400,15.6 inch Display,,Acer Aspire ES1 Core i3 6th Gen - (4 GB/500 GB HDD/Windows 10 Home) ES1-572-36YW Laptop,"₹29,990",4 GB DDR4 RAM,,1 Year Onsite Warranty
401,15.6 inch Display,,Dell Inspiron 5000 Core i5 7th Gen - (8 GB/1 TB HDD/Windows 10 Home/4 GB Graphics) 5567 Laptop,"₹57,990",8 GB DDR4 RAM,,1 Year Limited Hardware Warranty
402,14 inch Display,,Asus UX430UA Core i5 7th Gen - (8 GB/512 GB SSD/Windows 10 Home) UX430UA-GV223T Thin and Light Laptop,"₹79,990",8 GB DDR4 RAM,,2 Year Global In-site Warranty
403,15.6 inch Display,,HP 15 Core i5 7th Gen - (8 GB/1 TB HDD/Windows 10 Home/2 GB Graphics) 15g-br011TX Laptop,"₹57,499",8 GB DDR4 RAM,,1 Year Onsite Warranty
404,15.6 inch Display,,Dell Inspiron 5000 Core i7 6th Gen - (16 GB/2 TB HDD/Windows 10 Home/4 GB Graphics) 5559 Laptop,"₹73,990",16 GB DDR3 RAM,,1 Year Limited Hardware Warranty
405,15.6 inch Display,,Dell Inspiron 5000 Core i7 6th Gen - (8 GB/1 TB HDD/Windows 10 Home/2 GB Graphics) 5559 Laptop,"₹64,990",8 GB DDR3 RAM,,1 Year Limited Hardware Warranty
406,15.6 inch Display,,Dell Inspiron Core i7 6th Gen - (16 GB/2 TB HDD/Windows 10 Home/4 GB Graphics) 5559 Laptop,"₹72,990",16 GB DDR3 RAM,,"2 Yr Ltd Hardware Warranty, InHome Service after Remote Diagnosis"
407,15.6 inch Display,,Dell Vostro Core i3 4th Gen - (4 GB/500 GB HDD/Windows 10) 3558 Laptop,"₹31,000",4 GB DDR3 RAM,,
408,15.6 inch Display,,Asus Vivobook Max Core i3 7th Gen - (4 GB/1 TB HDD/Windows 10 Home) X541UA-DM1232T Laptop,"₹32,690",4 GB DDR4 RAM,,1 Years Global Manufacturing Warranty
409,15.6 inch Display,,Dell Inspiron 15 3000 Series Core i3 6th Gen - (4 GB/1 TB HDD/Windows 10 Home) 3567 Laptop,"₹34,350",4 GB DDR4 RAM,,"1 Year Limited Hardware Warranty, In Home Service After Remote Diagnosis Retail"
410,15.6 inch Display,,Acer Aspire APU Quad Core A10 5th Gen - (4 GB/1 TB HDD/Windows 10/2 GB Graphics) E5-553G Laptop,"₹33,750",4 GB DDR4 RAM,,
411,15.6 inch Display,,Dell Vostro Core i3 6th Gen - (4 GB/1 TB HDD/Windows 10) 3568 Laptop,"₹29,379",4 GB DDR3 RAM,,
412,11.6 inch Display,,Asus E203NAH Celeron Dual Core 7th Gen - (2 GB/Windows 10 Home) E203NAH-FD010T Laptop,"₹19,970",2 GB DDR3 RAM,,1 Year Global In-site Warranty
413,15.6 inch Display,,Asus FX Series Core i7 7th Gen - (8 GB/1 TB HDD/Linux/2 GB Graphics) FX553VD Gaming Laptop,"₹65,999",8 GB DDR4 RAM,,2 Years Global Manufacturing Warranty
414,15.6 inch Display,,Dell Inspiron Core i5 7th Gen - (8 GB/1 TB HDD/Windows 10 Home/2 GB Graphics) 5567 Laptop,"₹59,990",8 GB DDR4 RAM,,1 Year Onsite Warranty
415,15.6 inch Display,,Asus Core i7 7th Gen - (8 GB/1 TB HDD/Endless/4 GB Graphics) FX553VD-DM013 Gaming Laptop,"₹72,000",8 GB DDR4 RAM,,2 Years Onsite Warranty
416,15.6 inch Display,,Lenovo Ideapad 320 Celeron Dual Core 7th Gen - (4 GB/1 TB HDD/Windows 10 Home) 80XR016XIH Laptop,"₹26,990",4 GB DDR4 RAM,,
417,15.6 inch Display,,Acer E Series Core i3 6th Gen - (4 GB/1 TB HDD/Linux) Aspire E5-575-3203 Laptop,"₹26,784",4 GB DDR4 RAM,,1 Year Onsite Warranty
418,15.6 inch Display,,Asus FX Core i5 7th Gen - (8 GB/1 TB HDD/Linux/2 GB Graphics) FX553VD-DM324 Gaming Laptop,"₹69,990",8 GB DDR4 RAM,,2 Years Global Manufacturing Warranty
419,15.6 inch Display,,Asus X Series Celeron Dual Core 7th Gen - (4 GB/500 GB HDD/Windows 10 Home) X541NA-GO008T Laptop,"₹21,275",4 GB DDR3 RAM,,1 Year Warranty
420,14.1 inch Touchscreen Display,,Asus TP410UA Core i3 7th Gen - (4 GB/1 TB HDD/128 GB SSD/Windows 10 Home) TP410UA-EC509T 2 in 1 Laptop,"₹54,490",4 GB DDR4 RAM,,1 Year Global In-site Warranty
421,15.6 inch Display,,Acer Aspire V3 Core i5 5th Gen - (8 GB/1 TB HDD/Windows 10 Home/2 GB Graphics) V3-574G Laptop,"₹47,990",8 GB DDR3 RAM,,1 Year Warranty
422,15.6 inch Display,,Acer Core i3 5th Gen - (4 GB/1 TB HDD/Windows 10 Home) E5-573-36RP Laptop,"₹35,100",4 GB DDR3 RAM,,1 Year Warranty
423,15.6 inch Display,,Dell Inspiron Core i5 6th Gen - (8 GB/1 TB HDD/Windows 10 Home/2 GB Graphics) 5559i581tb2gbw10WG Lapto...,"₹53,990",8 GB DDR3 RAM,,"2 Yr Ltd Hardware Warranty, InHome Service after Remote Diagnosis"
424,15.6 inch Display,,Asus K510UQ Core i5 8th Gen - (8 GB/1 TB HDD/Windows 10 Home/2 GB Graphics) K510UQ-BQ668T Thin and Lig...,"₹56,500",8 GB DDR4 RAM,,2 Year Global In-site Warranty
425,15.6 inch Display,,Asus VivoBook S15 Core i7 8th Gen - (8 GB/1 TB HDD/Windows 10 Home/2 GB Graphics) S510UN-BQ151T Laptop,"₹69,990",8 GB DDR4 RAM,,2 Years Onsite Warranty
426,15.6 inch Display,,Dell Inspiron 15 5000 Core i7 8th Gen - (8 GB/2 TB HDD/Windows 10 Home/4 GB Graphics) 5570 Laptop,"₹73,250",8 GB DDR4 RAM,,1 Year Onsite Warranty
427,15.6 inch Display,,Asus Asus R Series Core i7 7th Gen - (8 GB/1 TB HDD/DOS/2 GB Graphics) R558UQ-DM701D Laptop,"₹55,890",8 GB DDR4 RAM,,2 Years Global Manufacturing Warranty
428,15.6 inch Display,,Asus Vivobook Max Core i3 7th Gen - (4 GB/1 TB HDD/DOS/2 GB Graphics) A541UV-DM978 Laptop,"₹34,295",4 GB DDR4 RAM,,2 Years Global Manufacturing Warranty
429,14.0 inch Display,,Lenovo IP500 Core i5 6th Gen - (4 GB/1 TB HDD/Windows 10 Home/2 GB Graphics) 14ISK Laptop,"₹49,990",4 GB DDR3 RAM,,
430,14 inch Display,,HP ProBook Core i3 7th Gen - (4 GB/500 GB HDD/Windows 10 Pro) 440 Business Laptop,"₹53,490",4 GB DDR4 RAM,,3 Years Onsite Warranty
431,15.6 inch Display,,Lenovo Ideapad 520 Core i5 8th Gen - (16 GB/2 TB HDD/Windows 10 Home/4 GB Graphics) 81BF00ASIN Thin an...,"₹72,990",16 GB DDR4 RAM,,
432,15.6 inch Display,,Lenovo B50-80 Core i3 5th Gen - (4 GB/500 GB HDD/Linux) B5080 Laptop,"₹32,990",4 GB DDR3 RAM,,3 Years Onsite Warranty
433,15.6 inch Display,,Acer Aspire Core i3 6th Gen - (4 GB/1 TB HDD/Windows 10 Home/2 GB Graphics) E5-575G Laptop,"₹37,438",4 GB DDR4 RAM,,1 Year International Travelers Warranty (ITW)
434,15.6 inch Display,,Dell Inspiron Core i7 6th Gen - (8 GB/1 TB HDD/Windows 10 Home/2 GB Graphics) 5559 Laptop,"₹64,980",8 GB DDR3 RAM,,1 Year Warranty
435,15.6 inch Display,,Dell Inspiron Core i7 6th Gen - (8 GB/1 TB HDD/Windows 10 Home/2 GB Graphics) 5559 Laptop,"₹68,990",8 GB DDR3 RAM,,1 Year Warranty
436,15.6 inch Display,,HP 15 Core i3 6th Gen - (4 GB/1 TB HDD/Windows 10 Home) 15-be014TU Laptop,"₹31,990",4 GB DDR4 RAM,,1 Year Onsite Warranty
437,15.6 inch Touchscreen Display,,Dell 5578 Core i7 7th Gen - (8 GB/1 TB HDD/Windows 10 Home) Inspiron 5578 Laptop,"₹71,499",8 GB DDR4 RAM,,1 Year Warranty Provided by the Manufacturer from Date of Purchase.
438,14 inch Display,,Acer Pentium Quad Core - (4 GB/500 GB HDD/Windows 10 Home) One 14 Laptop,"₹21,000",4 GB DDR3 RAM,,1 Year International Travelers Warranty (ITW)
439,15.6 inch Display,,Lenovo Core i3 6th Gen - (4 GB/500 GB HDD/DOS) Ideapad 110 Laptop,"₹26,000",4 GB DDR4 RAM,,1 Year Onsite Warranty
440,14 inch Display,,HP Core i5 7th Gen - (8 GB/1 TB HDD/Windows 10 Pro) 348 G4 Business Laptop,"₹59,077",8 GB DDR4 RAM,,1 Year Onsite Warranty
441,15.6 inch Display,,Dell Vostro Celeron Dual Core 5th Gen - (4 GB/500 GB HDD/Linux) 3558 Laptop,"₹24,500",4 GB DDR3 RAM,,
442,15.6 inch Display,,Acer Aspire Celeron Dual Core - (2 GB/500 GB HDD/Linux) ES1-533-C1SX Laptop,"₹18,990",2 GB DDR3 RAM,,1 Year Onsite Warranty
443,15.6 inch Display,,Dell Inspiron 5000 Core i7 7th Gen - (16 GB/2 TB HDD/Windows 10 Home/4 GB Graphics) 5567 Laptop,"₹81,990",16 GB DDR4 RAM,,1 Year Limited Hardware Warranty
444,15.6 inch Display,,HP NVIDIA GeForce 940MX Core i5 7th Gen - (8 GB/1 TB HDD/Windows 10 Home/2 GB Graphics) Pavilion 15 La...,"₹55,500",8 GB DDR4 RAM,,
445,15.6 inch Display,,Dell Vostro Core i3 4th Gen - (4 GB/1 TB HDD/Windows 8.1) 3558 Laptop,"₹32,000",4 GB DDR3 RAM,,
446,15.6 inch Display,,Asus X Core i3 6th Gen - (4 GB/1 TB HDD/DOS) X541UA-GO1345D Laptop,"₹26,849",4 GB DDR4 RAM,,1 Year Onsite Warranty
447,11.6 inch Display,,Asus E203NAH Celeron Dual Core 7th Gen - (2 GB/500 GB HDD/Windows 10 Home) E203NAH-FD053T Laptop,"₹19,300",2 GB DDR3 RAM,,1 Year Warranty
448,15.6 inch Display,,Acer E SERIES APU Quad Core A8 5th Gen - (4 GB/1 TB HDD/Linux) ES1-521 Laptop,"₹22,285",4 GB DDR3 RAM,,1 Year Acer India Warranty
449,15.6 inch Display,,HP 15 Core i3 6th Gen - (8 GB/1 TB HDD/DOS/2 GB Graphics) 15-BS579TX Laptop,"₹39,000",8 GB DDR4 RAM,,1 Year Onsite Warranty
450,14 inch Touchscreen Display,,Lenovo Yoga 500 Core i5 5th Gen - (4 GB/500 GB HDD/8 GB SSD/Windows 10 Home/2 GB Graphics) Yoga-500 2 ...,"₹53,980",4 GB DDR3 RAM,,
451,13.3 inch Touchscreen Display,,HP x360 Core i5 7th Gen - (8 GB/1 TB HDD/Windows 10 Home) 13-u133tu 2 in 1 Laptop,"₹59,990",8 GB DDR4 RAM,,1 Year Onsite Warranty
452,13.17 inch Touchscreen Display,,Dell Inspiron 7348 (2-in-1 Laptop) (Core i5 5th Gen/ 8GB/ 500GB/ Win8.1/ Touch) (734858500iST),"₹73,000",8 GB DDR3 RAM,,
453,15.6 inch Display,,HP Core i5 6th Gen - (4 GB/1 TB HDD/DOS/2 GB Graphics) 15-be015TX Laptop,"₹41,980",4 GB DDR4 RAM,,1 Year Onsite Warranty
454,15.6 inch Display,,Lenovo Core i5 7th Gen - (8 GB/1 TB HDD/Windows 10 Home/4 GB Graphics) 510 Laptop,"₹66,990",8 GB DDR4 RAM,,1 Year Onsite Warranty
455,13.3 inch Touchscreen Display,,Dell Inspiron Core i7 6th Gen - (8 GB/256 GB SSD/Windows 10 Home) 7359 2 in 1 Laptop,"₹69,990",8 GB DDR3 RAM,,
456,15.6 inch Display,,Lenovo Core i5 7th Gen - (8 GB/1 TB HDD/Windows 10 Home/4 GB Graphics) 510 Laptop,"₹66,990",8 GB DDR4 RAM,,1 Year Onsite Warranty
457,13.3 inch Touchscreen Display,,Dell Inspiron Core i7 6th Gen - (8 GB/256 GB SSD/Windows 10 Home) 7359 2 in 1 Laptop,"₹69,990",8 GB DDR3 RAM,,
458,15.6 inch Display,,Lenovo Core i7 7th Gen - (8 GB/2 TB HDD/Windows 10 Home/4 GB Graphics) 510 Laptop,"₹82,390",8 GB DDR4 RAM,,1 Year Onsite Warranty
459,13.3 inch Touchscreen Display,,Dell 5000 Core i3 6th Gen - (4 GB/1 TB HDD/Windows 10 Home) 5368 2 in 1 Laptop,"₹51,000",4 GB RAM,,1 Year Onsite Warranty
460,15.6 inch Touchscreen Display,,Dell 5000 Core i5 6th Gen - (8 GB/1 TB HDD/Windows 10 Home) 5568 2 in 1 Laptop,"₹71,950",8 GB RAM,,1 Year Onsite Warranty
461,13.3 inch Display,,HP Core i7 7th Gen - (8 GB/512 GB SSD/Windows 10 Home) 13-V122TU Thin and Light Laptop,"₹120,000",8 GB DDR3 RAM,,1 Year Onsite Warranty
462,15.6 inch Display,,Dell Inspiron Core i5 6th Gen - (8 GB/1 TB HDD/Windows 10 Home/2 GB Graphics) 5559 Laptop,"₹55,000",8 GB DDR3 RAM,,1 Years Onsite Warranty
463,15.6 inch Display,,Dell 15 3000 Core i3 4th Gen - (4 GB/500 GB HDD/Windows 8 Pro) 3558 Business Laptop,"₹32,000",4 GB DDR3 RAM,,
464,15.6 inch Display,,Lenovo Ideapad 320 Pentium Quad Core 7th Gen - (4 GB/1 TB HDD/Windows 10 Home/512 MB Graphics) 80XR013...,"₹24,997",4 GB DDR4 RAM,,
465,14 inch Display,,Lenovo Ideapad 500s Core i5 6th Gen - (4 GB/1 TB HDD/Windows 10 Home/2 GB Graphics) 500S-14ISK Laptop,"₹47,777",4 GB DDR3 RAM,,1 Year Onsite Warranty with ADP on Redemption
466,14 inch Display,,HP Core i3 6th Gen - (4 GB/500 GB HDD/DOS) 240 G5 Laptop,"₹28,490",4 GB DDR4 RAM,,
467,15.6 inch Display,,Dell Inspiron Core i7 6th Gen - (8 GB/1 TB HDD/Windows 10 Home/2 GB Graphics) 5559 Laptop,"₹62,999",8 GB DDR3 RAM,,1 Year Warranty
468,15.6 inch Display,,HP 15Q-BU012TU Core i3 6th Gen - (4 GB/1 TB HDD/Windows 10) 15Q-BU012TU Laptop,"₹34,690",4 GB DDR4 RAM,,One Year Limited Warranty
469,15.6 inch Display,,Dell Vostro Pentium Dual Core 5th Gen - (4 GB/500 GB HDD/Linux) 3558 Laptop,"₹28,490",4 GB DDR3 RAM,,
470,15.6 inch Display,,Asus Core i3 6th Gen - (4 GB/1 TB HDD/DOS) X541UA-GO1345D Laptop,"₹26,539",4 GB DDR4 RAM,,1 Year Onsite Warranty
471,15.6 inch Display,,Lenovo Core i5 7th Gen - (16 GB/2 TB HDD/Windows 10 Home/4 GB Graphics) IP 520 Laptop,"₹73,990",16 GB DDR4 RAM,,1 Year Onsite Warranty
472,15.6 inch Display,,Acer Aspire E Core i5 5th Gen - (4 GB/1 TB HDD/Linux) E5-573 Laptop,"₹38,999",4 GB DDR3 RAM,,1 Year Warranty
473,14 inch Display,,Dell Inspiron 7000 Core i5 7th Gen - (8 GB/1 TB HDD/Windows 10 Home/2 GB Graphics) 7460 Laptop,"₹66,900",8 GB DDR4 RAM,,1 Year Onsite Warranty
474,14 inch Display,,Asus ZenBook Core i7 8th Gen - (8 GB/512 GB SSD/Windows 10 Home/2 GB Graphics) UX430UN-GV020T Thin and...,"₹95,490",8 GB DDR3 RAM,,2 Years Onsite Warranty
475,15.6 inch Display,,Asus X Series Pentium Quad Core 7th Gen - (4 GB/500 GB HDD/Windows 10 Home) X541NA-GO012T Laptop,"₹22,999",4 GB DDR3 RAM,,1 Year Warranty
476,17.3 inch Display,,Lenovo Core i7 6th Gen - (16 GB/1 TB HDD/128 GB SSD/Windows 10 Home/4 GB Graphics) Y700 Gaming Laptop,"₹134,990",16 GB DDR4 RAM,,3 Years Onsite Warranty
477,15.6 inch Display,,Asus R Series Core i5 7th Gen - (8 GB/1 TB HDD/DOS/2 GB Graphics) R558UQ-DM1286D Laptop,"₹44,959",8 GB DDR4 RAM,,2 Years Global Manufacturing Warranty
478,15.6 inch Display,,MSI P Core i7 7th Gen - (8 GB/1 TB HDD/DOS/2 GB Graphics) PL62 7RC Gaming Laptop,"₹59,990",8 GB DDR4 RAM,,1 Year Carry-In Warranty by MSI
479,15.6 inch Display,,Dell 3000 Core i3 6th Gen - (8 GB/1 TB HDD/Ubuntu/2 GB Graphics) Vostro 15 3568 Laptop,"₹38,000",8 GB DDR4 RAM,,1 Year Warranty
480,11.6 inch Display,,Lenovo Yoga 300 Pentium Quad Core - (4 GB/500 GB HDD/Windows 10 Home) Yoga 2 in 1 Laptop,"₹29,050",4 GB DDR3 RAM,,1 Year Onsite Warranty
481,15.6 inch Display,,Asus R-SERIES Core i5 7th Gen - (4 GB/1 TB HDD/DOS/2 GB Graphics) R558UQ-DM542D Laptop,"₹42,750",4 GB DDR4 RAM,,2 Years Asus Global Warranty
482,15.6 inch Display,,HP Pavilion Power Core i5 7th Gen - (8 GB/1 TB HDD/Windows 10 Home/2 GB Graphics) 15-cb054TX Gaming La...,"₹71,990",8 GB DDR4 RAM,,1 Year Onsite Warranty
483,14 inch Display,,HP G Series Core i3 5th Gen - (4 GB/500 GB HDD/DOS) 240 G5 Y1S93PA Laptop,"₹28,490",4 GB DDR3 RAM,,1 Year Onsite Warranty
484,15.6 inch Display,,MSI GL Series Core i7 7th Gen - (8 GB/1 TB HDD/Windows 10/4 GB Graphics) GL62 7RDX Laptop,"₹79,990",8 GB DDR4 RAM,,2 Years Warranty
485,15.6 inch Touchscreen Display,,Dell M420 Core i5 7th Gen - (4 GB/1 TB HDD/DOS/2 GB Graphics) 3568 Laptop,"₹41,900",4 GB DDR4 RAM,,1 Year Manufacturer Warranty
486,15.6 inch Display,,Asus X Series Celeron Dual Core 7th Gen - (4 GB/500 GB HDD/Windows 10 Home) X541NA-GO017T Laptop,"₹22,340",4 GB DDR3 RAM,,1 Year Warranty
487,15.6 inch Display,No Cost EMI,Dell 5000 Core i5 7th Gen - (8 GB/1 TB HDD/Windows 10 Home/4 GB Graphics) 5577 Gaming Laptop,"₹71,300",8 GB DDR4 RAM,,
488,15.6 inch Display,,MSI G Core i7 7th Gen - (8 GB/1 TB HDD/DOS/2 GB Graphics) GL62M 7RDX Gaming Laptop,"₹69,990",8 GB DDR4 RAM,,2 Years Carry-IN Warranty by MSI
489,15.6 inch Display,,Asus R Core i5 7th Gen - (8 GB/1 TB HDD/DOS/2 GB Graphics) R541UJ-DM265 Laptop,"₹42,990",8 GB DDR4 RAM,,1 Years Global Manufacturing Warranty
490,15.6 inch Display,,HP Notebook APU Quad Core A10 - (4 GB/2 TB HDD/DOS/2 GB Graphics) 15-BW500AX Laptop,"₹42,000",4 GB DDR4 RAM,,
491,15.6 inch Display,,Dell Inspiron Core i7 7th Gen - (8 GB/1 TB HDD/Windows 10 Home/4 GB Graphics) 7567 Gaming Laptop,"₹86,000",8 GB DDR4 RAM,Special Price,
492,15.6 inch Display,No Cost EMI,Dell Inspiron Core i5 7th Gen - (8 GB/1 TB HDD/Windows 10 Home/2 GB Graphics) 5567 Laptop,"₹55,990",8 GB DDR4 RAM,,1 Year Onsite Warranty
493,15.6 inch Display,,Dell Inspiron 5000 Core i5 7th Gen - (8 GB/1 TB HDD/Ubuntu/2 GB Graphics) Inspiron Laptop,"₹47,990",8 GB DDR4 RAM,,1 Year Limited Hardware Warranty
494,15.6 inch Display,,Dell Inspiron Core i7 6th Gen - (8 GB/1 TB HDD/8 GB SSD/Windows 10 Home/4 GB Graphics) 7559 Gaming Lap...,"₹90,000",8 GB DDR3 RAM,,"1 Year Limited Hardware Warranty, In Home Service After Remote Diagnosis Retail"
495,15.6 inch Display,,Asus X Series Pentium Quad Core 7th Gen - (4 GB/1 TB HDD/Windows 10 Home) X541NA-GO121T Laptop,"₹24,500",4 GB DDR3 RAM,,1 Year Warranty
496,15.6 inch Display,,Asus ROG Core i7 7th Gen - (16 GB/1 TB HDD/256 GB SSD/Windows 10 Home/4 GB Graphics) GL553VE-FY127T Ga...,"₹118,000",16 GB DDR4 RAM,,2 Years Onsite Warranty
497,15.6 inch Display,,Asus X Series Pentium Quad Core 7th Gen - (4 GB/1 TB HDD/DOS) X541NA-GO125 Laptop,"₹23,199",4 GB DDR3 RAM,,1 Year Warranty
498,15.6 inch Display,No Cost EMI,Dell Inspiron 15 7000 Core i7 8th Gen - (8 GB/1 TB HDD/256 GB SSD/Windows 10 Home/4 GB Graphics) 7570 ...,"₹87,980",8 GB DDR4 RAM,,1 Year Onsite Warranty
499,15.6 inch Display,,Asus X Series Core i3 5th Gen - (4 GB/1 TB HDD/Windows 10 Home) X540LA-XX596T Laptop,"₹27,780",4 GB DDR3 RAM,,1 Year Onsite Warranty
500,15.6 inch Display,,HP Notebook APU Dual Core A9 - (4 GB/1 TB HDD/Windows 10/2 GB Graphics) 15-BW089AX Laptop,"₹39,000",4 GB DDR4 RAM,,
501,15.6 inch Display,,HP Pentium Quad Core - (4 GB/500 GB HDD/Windows 10 Home) 15-ay525tu Laptop,"₹24,990",4 GB DDR3 RAM,,1 Year Onsite Warranty
502,15.6 inch Display,,Dell Inspiron Core i5 7th Gen - (4 GB/1 TB HDD/DOS) 3567 Laptop,"₹34,990",4 GB DDR4 RAM,,1 Year Brand Warranty
503,15.6 inch Display,,HP 15 Core i3 6th Gen - (8 GB/2 TB HDD/DOS/2 GB Graphics) 15-bs659TX Laptop,"₹36,490",8 GB DDR4 RAM,,1 Year Onsite Warranty
504,15.6 inch Display,,Dell Inspiron Core i5 7th Gen - (4 GB/1 TB HDD/DOS) 3567 Laptop,"₹34,990",4 GB DDR4 RAM,,1 Year Brand Warranty
505,15.6 inch Display,,HP 15 Core i3 6th Gen - (8 GB/2 TB HDD/DOS/2 GB Graphics) 15-bs659TX Laptop,"₹36,490",8 GB DDR4 RAM,,1 Year Onsite Warranty
506,15.6 inch Display,,Asus VivoBook Max Core i3 7th Gen - (4 GB/1 TB HDD/Windows 10 Home/2 GB Graphics) A541UV-DM978T Laptop,"₹35,350",4 GB DDR4 RAM,,2 Years Global Manufacturing Warranty
507,15.6 inch Display,,Asus ROG Strix Hero Edition Core i7 7th Gen - (16 GB/1 TB HDD/128 GB SSD/Windows 10 Home/4 GB Graphics...,"₹98,990",16 GB DDR4 RAM,,2 Years Onsite Warranty
508,15.6 inch Display,,Lenovo Core i7 7th Gen - (8 GB/2 TB HDD/Windows 10 Home/4 GB Graphics) 510 Laptop,"₹67,500",8 GB DDR4 RAM,,1 Year Onsite Warranty
509,15.6 inch Display,,Asus Core i5 8th Gen - (8 GB/1 TB HDD/Windows 10 Home/2 GB Graphics) K510UQ-BQ667T Laptop,"₹52,398",8 GB DDR4 RAM,,2 Years Onsite Warranty
510,15.6 inch Display,,Asus Vivobook Core i5 7th Gen - (8 GB/1 TB HDD/DOS/2 GB Graphics) R542UQ-DM164 Laptop,"₹41,390",8 GB DDR4 RAM,,2 Years Global Manufacturing Warranty
511,15.6 inch Display,,HP 15 APU Quad Core A10 - (4 GB/1 TB HDD/DOS/2 GB Graphics) 15-bw084AX Laptop,"₹30,990",4 GB DDR4 RAM,,1 Year Onsite Warranty
512,15.6 inch Display,,Dell Inspiron Core i3 6th Gen - (4 GB/1 TB HDD/Windows 10/2 GB Graphics) 3567 Laptop,"₹35,990",4 GB DDR4 RAM,,
513,15.6 inch Display,,Asus X-Series Core i3 5th Gen - (4 GB/1 TB HDD/Windows 10) X540LA-XX538T Laptop,"₹29,800",4 GB DDR3 RAM,,1 Year Asus Global Warranty
514,15.6 inch Display,,Asus X Series Pentium Quad Core 7th Gen - (4 GB/1 TB HDD/Windows 10 Home) X541NA-GO125T Laptop,"₹25,400",4 GB DDR3 RAM,,1 Year Warranty
515,12.5 inch Display,,Asus Zen Book 3 Series Core i7 7th Gen - (16 GB/512 GB SSD/Windows 10) UX390UA-GS048T Thin and Light L...,"₹145,990",16 GB DDR3 RAM,,2 Year Global In-site Warranty
516,15.6 inch Display,,Asus Core i3 5th Gen - (4 GB/1 TB HDD/DOS/2 GB Graphics) A540LJ-DM667D Laptop,"₹33,600",4 GB DDR3 RAM,,
517,15.6 inch Display,,Dell Inspiron 15 5000 Core i5 8th Gen - (8 GB/2 TB HDD/Windows 10 Home/4 GB Graphics) 5570 Laptop,"₹62,990",8 GB DDR4 RAM,,1 Year Onsite Warranty
518,15.5 inch Display,,Acer Aspire APU Dual Core E1 1st Gen - (4 GB/1 TB HDD/Ubuntu) ES1-521-237Q Laptop,"₹19,880",4 GB DDR3 RAM,,
519,15.6 inch Display,,HP Imprint Core i3 6th Gen - (4 GB/1 TB HDD/Windows 10 Home) 15-BS541TU Laptop,"₹32,480",4 GB DDR4 RAM,,1 Year Onsite Warranty
520,15.6 inch Display,,Dell Inspiron 15 5000 Core i5 8th Gen - (8 GB/2 TB HDD/Windows 10 Home/4 GB Graphics) 5570 Laptop,"₹66,500",8 GB DDR4 RAM,,1 Year Onsite Warranty
521,13.3 inch Display,,Asus Core i5 6th Gen - (8 GB/512 GB SSD/Windows 10 Home) UX305UA-FC048T Thin and Light Laptop,"₹89,990",8 GB DDR3 RAM,,1 Year Onsite Warranty
522,15.6 inch Display,,HP BG APU Quad Core E2 - (4 GB/500 GB HDD/Windows 10 Home) 15-bg008au Laptop,"₹22,690",4 GB DDR3 RAM,,1 Year Onsite Warranty
523,15.6 inch Display,,Dell 3000 Core i3 6th Gen - (4 GB/1 TB HDD/Windows 10 Home) 3567 Laptop,"₹30,490",4 GB DDR4 RAM,,
524,15.6 inch Display,,HP Imprint Celeron Dual Core - (4 GB/500 GB HDD/DOS) 15-BS549TU Laptop,"₹19,999",4 GB DDR3 RAM,,1 Year Onsite Warranty
525,13.3 inch Touchscreen Display,,HP Core i3 7th Gen - (4 GB/1 TB HDD/Windows 10 Home) 13-U131TU X360 2 in 1 Laptop,"₹43,599",4 GB DDR4 RAM,,1 Year Onsite Warranty
526,15.6 inch Display,,HP Core i5 6th Gen - (8 GB/1 TB HDD/DOS/2 GB Graphics) 15-be001TX Laptop,"₹43,980",8 GB DDR4 RAM,,1 Year Onsite Warranty
527,14 inch Touchscreen Display,,Lenovo Core i7 7th Gen - (8 GB/256 GB SSD/Windows 10 Home/2 GB Graphics) Yoga 710 2 in 1 Laptop,"₹97,490",8 GB DDR4 RAM,,1 Year Onsite Warranty
528,15.6 inch Display,,Lenovo V110 APU Dual Core E2 7th Gen - (4 GB/500 GB HDD/Windows 10) 80TDA004IN Laptop,"₹21,500",4 GB DDR4 RAM,,1 Year Warranty
529,15.6 inch Display,,HP Pavilion Core i5 6th Gen - (8 GB/1 TB HDD/Windows 10 Home/4 GB Graphics) 15-au006TX Laptop,"₹54,990",8 GB DDR4 RAM,,1 Year Onsite Warranty
530,15.6 inch Display,,Dell 3000 Core i5 7th Gen - (8 GB/1 TB HDD/Windows 10/2 GB Graphics) 3567 Laptop,"₹47,385",8 GB DDR4 RAM,,1 Year Hardware Warranty
531,14.1 inch Display,,RDP ThinBook Atom Quad Core - (2 GB/32 GB EMMC Storage/Windows 10) 1430b Thin and Light Laptop,"₹12,799",2 GB DDR3 RAM,,1 Year Warranty
532,15.6 inch Display,,HP Core i5 7th Gen - (8 GB/1 TB HDD/Windows 10 Home/4 GB Graphics) 15-au114TX Laptop,"₹61,000",8 GB DDR4 RAM,,1 Year Onsite Warranty on Parts and Labour
533,15.6 inch Display,,Lenovo 310 Core i5 6th Gen - (8 GB/1 TB HDD/Windows 10 Home/2 GB Graphics) IP 310 Laptop,"₹45,980",8 GB DDR4 RAM,,1 Year Onsite Warranty
534,15.6 inch Display,,HP Probook Core i5 4th Gen - (4 GB/500 GB HDD/Windows 7 Professional/1 GB Graphics) 450 G1 Business La...,"₹43,999",4 GB DDR3 RAM,,
535,15.6 inch Display,,Dell Inspiron Core i7 7th Gen - (16 GB/1 TB HDD/256 GB SSD/Windows 10 Home/4 GB Graphics) 7567 Gaming ...,"₹112,200",16 GB DDR4 RAM,,
536,15.6 inch Display,,Lenovo Core i3 6th Gen - (4 GB/1 TB HDD/Windows 10 Home) Ideapad 110 Laptop,"₹30,980",4 GB DDR4 RAM,,1 Year Onsite Warranty
537,13.3 inch Touchscreen Display,,HP Pavilion x360 Core i3 6th Gen - (4 GB/1 TB HDD/Windows 10 Home) 13-s102tu 2 in 1 Laptop,"₹44,990",4 GB DDR3 RAM,,1 Year Onsite Warranty
538,15.6 inch Display,,HP Core i3 5th Gen - (4 GB/1 TB HDD/DOS/2 GB Graphics) 15-be004TX Laptop,"₹33,480",4 GB DDR3 RAM,,1 Year Onsite Warranty
539,15.6 inch Display,,HP Core i5 5th Gen - (4 GB/1 TB HDD/Windows 10 Home/2 GB Graphics) 15-ac123tx Laptop,"₹44,490",4 GB DDR3 RAM,,1 Year Onsite Warranty
540,15.6 inch Display,,HP 15-BE020TU Core i3 6th Gen - (4 GB/1 TB HDD/DOS) 15-BE020TU Laptop,"₹28,490",4 GB DDR4 RAM,,One Year Limited Warranty
541,15.6 inch Display,,Dell Inspiron Core i5 6th Gen - (8 GB/1 TB HDD/Windows 10 Home/2 GB Graphics) 5559 Laptop,"₹50,490",8 GB DDR3 RAM,,
542,14 inch Display,,HP Notebook Celeron Dual Core - (4 GB/500 GB HDD/Windows 10) 14Q-BU007TU Laptop,"₹22,195",4 GB DDR3 RAM,,
543,15.6 inch Display,,HP Core i3 5th Gen - (4 GB/1 TB HDD/DOS) 15-be005TU Laptop,"₹28,290",4 GB DDR3 RAM,,1 Year Onsite Warranty
544,11.6 inch Display,,Acer ES 11 Celeron Dual Core 4th Gen - (2 GB/500 GB HDD/Windows 10 Home) ES1-132 Laptop,"₹18,990",2 GB DDR3 RAM,,1 Year International Travelers Warranty (ITW)
545,14 inch Touchscreen Display,,HP Pavilion x360 Core i7 7th Gen - (8 GB/1 TB HDD/8 GB SSD/Windows 10 Home/4 GB Graphics) 14-ba078tx 2...,"₹80,840",8 GB DDR4 RAM,,1 Year Onsite Warranty
546,15.6 inch Display,No Cost EMI,Dell Inspiron Core i7 6th Gen - (8 GB/1 TB HDD/Windows 10 Home/2 GB Graphics) 5559 Laptop,"₹54,490",8 GB DDR4 RAM,,2 Years Warranty
547,14 inch Touchscreen Display,,Lenovo Core i5 7th Gen - (4 GB/1 TB HDD/Windows 10 Home) 510 Yoga 2 in 1 Laptop,"₹59,990",4 GB DDR4 RAM,,1 Year Onsite Warranty
548,15.6 inch Display,,Dell Inspiron 5000 Core i5 7th Gen - (4 GB/1 TB HDD/Windows 10 Home/2 GB Graphics) 5567 Laptop,"₹53,490",4 GB DDR4 RAM,,1 Year Limited Hardware Warranty
549,15.6 inch Display,,HP Core i5 6th Gen - (4 GB/1 TB HDD/DOS/2 GB Graphics) 15-ay008TX Laptop,"₹41,890",4 GB RAM,,1 Year Onsite Warranty
550,15.6 inch Display,,HP AY503TX Core i5 6th Gen - (8 GB/1 TB HDD/DOS/2 GB Graphics) AY503TX Laptop,"₹43,990",8 GB DDR4 RAM,,
551,15.6 inch Display,,Acer Aspire Core i5 7th Gen - (4 GB/1 TB HDD/Linux) E5-575 Laptop,"₹35,990",4 GB DDR4 RAM,,1 Year Onsite Warranty
552,15.6 inch Display,,HP AY503TX Core i5 6th Gen - (8 GB/1 TB HDD/DOS/2 GB Graphics) AY503TX Laptop,"₹43,990",8 GB DDR4 RAM,,
553,15.6 inch Display,,Asus X Series Pentium Quad Core 7th Gen - (4 GB/1 TB HDD/DOS) X541NA-GO121 Laptop,"₹24,000",4 GB DDR3 RAM,,1 Year Warranty
554,15.6 inch Display,,Dell Inspiron 5000 Core i5 6th Gen - (8 GB/1 TB HDD/Windows 10 Home/4 GB Graphics) 5559 Laptop,"₹61,990",8 GB DDR3 RAM,,1 Year Limited Hardware Warranty
555,15.6 inch Display,,Asus Vivobook S15 Core i7 8th Gen - (16 GB/1 TB HDD/128 GB SSD/Windows 10/2 GB Graphics) S510UN-BQ139T...,"₹79,990",16 GB DDR4 RAM,,2 Years Global Manufacturing Warranty
556,15.6 inch Display,,Dell Inspiron Core i3 6th Gen - (4 GB/1 TB HDD/Windows 10 Home) 3567 Laptop,"₹30,899",4 GB DDR4 RAM,,1 Year Onsite Warranty
557,15.6 inch Display,,Lenovo Ideapad 320 Core i3 6th Gen - (4 GB/1 TB HDD/DOS) IP 320E-15ISK Laptop,"₹27,111",4 GB DDR4 RAM,,1 Year Onsite Warranty
558,15.6 inch Display,,Dell Vostro Core i3 5th Gen - (4 GB/1 TB HDD/Linux) 3558 Laptop,"₹29,500",4 GB DDR3 RAM,,1 Year Dell Warranty
559,14 inch Display,,HP Notebook Celeron Dual Core - (4 GB/500 GB HDD/Windows 10) 14-BU004TU Laptop,"₹22,199",4 GB DDR3 RAM,,
560,15.6 inch Display,,HP OMEN Core i5 7th Gen - (8 GB/1 TB HDD/Windows 10 Home/2 GB Graphics) 15-ax248TX Gaming Laptop,"₹70,990",8 GB DDR4 RAM,,1 Year Onsite Warranty
561,15.6 inch Display,,Asus X-SERIES Core i3 6th Gen - (4 GB/1 TB HDD/DOS) X541UV-DM846D Laptop,"₹28,199",4 GB DDR4 RAM,,1 Year Asus Global Warranty
562,15.6 inch Touchscreen Display,,Dell 5000 Core i7 7th Gen - (16 GB/1 TB HDD/Windows 10 Home/4 GB Graphics) 5567 Laptop,"₹69,999",16 GB DDR4 RAM,,
563,15.6 inch Display,,Dell Inspiron 5000 Core i7 7th Gen - (8 GB/1 TB HDD/Windows 10 Home/4 GB Graphics) 5567 Laptop,"₹67,999",8 GB DDR4 RAM,,1 Year Limited Hardware Warranty
564,15.6 inch Touchscreen Display,,Dell 5000 Core i5 7th Gen - (8 GB/1 TB HDD/Windows 10 Home) 5578 2 in 1 Laptop,"₹63,999",8 GB DDR4 RAM,,
565,15.6 inch Display,,Dell Inspiron 5000 Core i5 6th Gen - (8 GB/1 TB HDD/Windows 10 Home/2 GB Graphics) 5559 Laptop,"₹54,990",8 GB DDR3 RAM,,1 Year Limited Hardware Warranty
566,11.6 inch Touchscreen Display,,Acer Aspire R11 Pentium Quad Core 4th Gen - (4 GB/500 GB HDD/Windows 10 Home) R3-131T-p4aa 2 in 1 Lapt...,"₹28,490",4 GB DDR3 RAM,,1 Year International Travelers Warranty (ITW)
567,13.3 inch Touchscreen Display,,Dell 5000 Core i7 7th Gen - (8 GB/256 GB SSD/256 GB EMMC Storage/Windows 10) 5378 2 in 1 Laptop,"₹72,999",8 GB DDR4 RAM,,
568,15.6 inch Display,,HP BS Core i3 6th Gen - (4 GB/1 TB HDD/128 GB EMMC Storage/Windows 10 Home) 15-BS 617 TU Laptop,"₹38,000",4 GB DDR4 RAM,,
569,15.5 inch Display,,HP ATA APU Quad Core A6 - (4 GB/DOS) 15-BA044AU Laptop,"₹24,662",4 GB DDR3 RAM,,1 Year Manufacturer Warranty
570,11.6 inch Display,,Asus E203NAH Celeron Dual Core 7th Gen - (4 GB/Windows 10 Home) E203NAH-FD009T Laptop,"₹22,381",4 GB DDR3 RAM,,1 Year Global In-site Warranty
571,15.6 inch Display,,Dell Inspiron 5000 Core i5 7th Gen - (4 GB/1 TB HDD/Windows 10 Home/2 GB Graphics) 5567 Laptop,"₹47,383",4 GB DDR4 RAM,,1 Year Limited Hardware Warranty
572,15.6 inch Display,,Acer Aspire APU Dual Core E1 7th Gen - (4 GB/500 GB HDD/Windows 10 Home) ASPIRE ES1 Laptop,"₹22,990",4 GB DDR3 RAM,,
573,15.6 inch Display,,HP Imprint Celeron Dual Core - (4 GB/500 GB HDD/Windows 10 Home) 15-BS548TU Laptop,"₹23,980",4 GB DDR3 RAM,,1 Year Onsite Warranty
574,15.6 inch Display,,HP Omen Core i7 7th Gen - (16 GB/1 TB HDD/128 GB SSD/Windows 10 Home/6 GB Graphics) 15-ce074TX Gaming ...,"₹158,690",16 GB DDR4 RAM,,1 Year Onsite Warranty
575,15.6 inch Display,No Cost EMI,Dell Inspiron 15 5000 Core i7 8th Gen - (8 GB/2 TB HDD/Windows 10 Home/4 GB Graphics) 5570 Laptop,"₹71,990",8 GB DDR4 RAM,,1 Year Onsite Warranty
576,15.84 inch Display,,Asus X553MA Celeron Quad Core 4th Gen - (2 GB/500 GB HDD/DOS) X553MA Laptop,"₹21,471",2 GB DDR3 RAM,,
577,15.6 inch Display,,HP 15 Core i3 6th Gen - (8 GB/1 TB HDD/Windows 10 Home) 15-BS601TU Laptop,"₹39,000",8 GB DDR4 RAM,,1 Year Manufacturer Warranty
578,15.6 inch Display,,Dell Inspiron Core i5 7th Gen - (8 GB/1 TB HDD/Ubuntu) 3567 Laptop,"₹40,000",8 GB DDR4 RAM,,1 Year Manufacturing Warranty
579,15.6 inch Display,,Dell Inspiron Core i3 6th Gen - (4 GB/1 TB HDD/Windows 10 Home) 5559 Laptop,"₹31,990",4 GB DDR3 RAM,,"1 Year Limited Hardware Warranty, In Home Service After Remote Diagnosis Retail"
580,11.6 inch Display,,Asus E203NAH Celeron Dual Core 7th Gen - (4 GB/Windows 10 Home) E203NAH-FD009T Laptop,"₹22,381",4 GB DDR3 RAM,,1 Year Global In-site Warranty
581,15.6 inch Display,,Asus Vivobbok Max Core i3 7th Gen - (4 GB/1 TB HDD/DOS/2 GB Graphics) A541UV-DM977 Laptop,"₹34,800",4 GB DDR4 RAM,,2 Years Global Manufacturing Warranty
